id,role_id,nickname,email,password_hash,timezone,updated_at,target_wake_time,base_sleep_hours,absolute_min_sleep_hours,shift_step_minutes,weekend_deviation_hours,current_wake_time,sleep_debt_minutes,custom_name,is_negative,target_value,metric_unit,frequency_type,color_hex,icon_emoji,current_streak,longest_streak,is_archived,schedule_rule,display_name,total_executions,executions_last_30_days,last_execution_at,sleep_start,sleep_end,sleep_quality,tags,generated_at,sleep_plan
a1b2c3d4-e5f6-7890-1234-567890abcdef,1,swift_panda_1234,swift_panda_1234@gmail.com,$2b$12$K7xG9pQ2rW5vZ8yA1bC3dE4fG6hI7jK8lM9nO0pQ1rS2tU3vW4xY5z,Europe/Kyiv,2026-04-28 08:15:30,07:00,8.0,6.5,15,1.0,07:20,0,Випити воду,False,2000,ml,daily,#3498db,💧,18,95,False,"{""type"": ""every_day""}",Випити воду,210,12,2026-04-27 19:30:00,2026-04-27 23:15:00,2026-04-28 07:20:00,8,"спорт, свіже повітря",2026-04-27 14:15:00,"{""focus"": ""hydration"", ""bedtime"": ""23:00""}"
b2c3d4e5-f6a7-8901-2345-67890abcdef1,2,brave_tiger_5678,brave_tiger_5678@yahoo.com,$2b$12$L8mN9oP0qR1sS2tU3vW4xY5zA6bC7dE8fG9hI0jK1lM2nO3pQ4rS5t,America/Chicago,2026-04-27 14:22:10,06:30,7.5,5.5,30,2.0,06:55,45,Медитація,False,15,minutes,daily,#9b59b6,🧘‍♂️,32,110,False,"{""type"": ""weekdays""}",Медитація,185,18,2026-04-26 22:00:00,2026-04-26 23:45:00,2026-04-27 06:55:00,7,"тиша, релакс",2026-04-26 16:45:00,"{""focus"": ""consistency"", ""bedtime"": ""23:30""}"
c3d4e5f6-a7b8-9012-3456-7890abcdef12,1,calm_koala_9012,calm_koala_9012@protonmail.com,$2b$12$M9nO0pQ1rS2tU3vW4xY5zA6bC7dE8fG9hI0jK1lM2nO3pQ4rS5tU6,Asia/Tokyo,2026-04-26 05:45:00,08:00,8.5,7.0,45,0.5,08:15,30,Йога,False,30,minutes,daily,#8e44ad,🧘‍♀️,25,87,False,"{""type"": ""every_day""}",Йога,320,15,2026-04-25 21:30:00,2026-04-25 23:00:00,2026-04-26 08:15:00,9,"гнучкість, свіже повітря",2026-04-25 14:00:00,"{""focus"": ""flexibility"", ""bedtime"": ""23:15""}"
d4e5f6a7-b8c9-0123-4567-890abcdef123,3,energetic_fox_3456,energetic_fox_3456@icloud.com,$2b$12$N0oP1qR2sT3uV4wX5yZ6aB7cD8eF9gH0iJ1kL2mM3nO4pQ5rS6tU7,Europe/London,2026-04-25 11:10:20,09:00,9.0,7.5,15,1.5,09:22,60,Біг,False,5,km,weekly,#e67e22,🏃,40,122,False,"{""days"": [""Mon"", ""Wed"", ""Fri""]}",Біг,95,10,2026-04-24 07:00:00,2026-04-24 23:30:00,2026-04-25 09:22:00,8,"кардіо, енергія",2026-04-24 17:30:00,"{""focus"": ""active_day"", ""bedtime"": ""23:45""}"
e5f6a7b8-c9d0-1234-5678-90abcdef1234,1,wise_owl_7890,wise_owl_7890@outlook.com,$2b$12$O0pP1qQ2rR3sS4tT5uU6vV7wW8xX9yY0zZ1aA2bB3cC4dD5eE6fF7,UTC,2026-04-24 03:30:50,06:00,7.0,5.0,30,0.0,06:18,0,Читання,False,30,pages,daily,#2ecc71,📚,12,48,False,"{""type"": ""every_day""}",Читання,150,20,2026-04-23 22:00:00,2026-04-23 23:15:00,2026-04-24 06:18:00,7,"знання, релакс",2026-04-23 17:15:00,"{""focus"": ""maintain"", ""bedtime"": ""23:00""}"
f6a7b8c9-d0e1-2345-6789-0abcdef12345,2,swift_eagle_2345,swift_eagle_2345@gmail.com,$2b$12$P1qQ2rR3sS4tT5uU6vV7wW8xX9yY0zZ1aA2bB3cC4dD5eE6fF7gG8,America/New_York,2026-04-23 18:45:15,07:30,8.0,6.5,45,3.0,07:50,90,Кава після 16:00,True,0,cups,daily,#8e44ad,☕,28,105,False,"{""type"": ""every_day""}",Кава після 16:00,265,14,2026-04-22 16:30:00,2026-04-22 23:00:00,2026-04-23 07:50:00,6,"кава, стрес",2026-04-22 14:00:00,"{""focus"": ""reduce_caffeine"", ""bedtime"": ""22:30""}"
a7b8c9d0-e1f2-3456-7890-bcdef1234567,1,happy_dolphin_6789,happy_dolphin_6789@yahoo.com,$2b$12$Q2rR3sS4tT5uU6vV7wW8xX9yY0zZ1aA2bB3cC4dD5eE6fF7gG8hH9,Australia/Sydney,2026-04-22 22:05:40,08:30,9.0,8.0,15,0.5,08:45,15,Плавання,False,1000,meters,daily,#3498db,🏊,35,67,False,"{""type"": ""weekdays""}",Плавання,112,8,2026-04-21 06:00:00,2026-04-21 22:00:00,2026-04-22 08:45:00,9,"вода, розслаблення",2026-04-21 14:00:00,"{""focus"": ""active_day"", ""bedtime"": ""22:15""}"
b8c9d0e1-f2a3-4567-8901-cdef12345678,3,calm_wolf_1234,calm_wolf_1234@protonmail.com,$2b$12$R3sS4tT5uU6vV7wW8xX9yY0zZ1aA2bB3cC4dD5eE6fF7gG8hH9iI0,Europe/Berlin,2026-04-21 15:30:25,05:45,7.5,6.0,30,1.0,06:10,120,Солодощі,True,0,grams,daily,#f1c40f,🍩,8,42,False,"{""type"": ""every_day""}",Солодощі,98,22,2026-04-20 20:00:00,2026-04-21 00:30:00,2026-04-21 06:10:00,4,"цукор, вечір",2026-04-20 17:30:00,"{""focus"": ""reduce_sugar"", ""bedtime"": ""00:00""}"
c9d0e1f2-a3b4-5678-9012-def123456789,1,swift_cheetah_5678,swift_cheetah_5678@icloud.com,$2b$12$S4tT5uU6vV7wW8xX9yY0zZ1aA2bB3cC4dD5eE6fF7gG8hH9iI0jJ1,Asia/Shanghai,2026-04-20 09:15:10,07:00,8.0,6.5,45,0.0,07:12,0,Вивчення мови,False,20,minutes,daily,#1abc9c,🗣️,22,94,False,"{""days"": [""Mon"", ""Wed"", ""Fri""]}",Вивчення мови,275,19,2026-04-19 19:00:00,2026-04-19 23:30:00,2026-04-20 07:12:00,8,"освіта, дисципліна",2026-04-19 13:30:00,"{""focus"": ""consistency"", ""bedtime"": ""23:00""}"
d0e1f2a3-b4c5-6789-0123-ef1234567890,2,brave_puma_9012,brave_puma_9012@outlook.com,$2b$12$T5uU6vV7wW8xX9yY0zZ1aA2bB3cC4dD5eE6fF7gG8hH9iI0jJ1kK2,America/Los_Angeles,2026-04-19 23:45:55,09:30,8.5,7.0,15,2.0,10:00,180,Фастфуд,True,0,meals,weekly,#e67e22,🍔,15,55,False,"{""type"": ""weekends""}",Фастфуд,50,5,2026-04-18 18:00:00,2026-04-19 02:00:00,2026-04-19 10:00:00,3,"шкідлива їжа, вихідні",2026-04-18 20:00:00,"{""focus"": ""nutrition"", ""bedtime"": ""01:30""}"
e1f2a3b4-c5d6-7890-1234-f12345678901,1,gentle_deer_3456,gentle_deer_3456@gmail.com,$2b$12$U6vV7wW8xX9yY0zZ1aA2bB3cC4dD5eE6fF7gG8hH9iI0jJ1kK2lL3,Europe/Warsaw,2026-04-18 16:00:30,08:15,7.0,6.0,30,0.5,08:30,0,Прогулянка,False,10000,steps,daily,#27ae60,🚶,42,98,False,"{""type"": ""every_day""}",Прогулянка,365,28,2026-04-17 07:30:00,2026-04-17 23:45:00,2026-04-18 08:30:00,8,"кроки, природа",2026-04-17 14:45:00,"{""focus"": ""daily_movement"", ""bedtime"": ""23:15""}"
f2a3b4c5-d6e7-8901-2345-012345678902,1,smart_raven_7890,smart_raven_7890@yahoo.com,$2b$12$V7wW8xX9yY0zZ1aA2bB3cC4dD5eE6fF7gG8hH9iI0jJ1kK2lL3mM4,UTC,2026-04-17 07:20:15,06:30,8.5,7.0,15,1.5,06:50,45,Вітаміни,False,2,pills,daily,#f39c12,💊,55,120,False,"{""type"": ""every_day""}",Вітаміни,400,30,2026-04-16 08:00:00,2026-04-16 23:00:00,2026-04-17 06:50:00,9,"здоров'я, регулярність",2026-04-16 15:00:00,"{""focus"": ""health"", ""bedtime"": ""23:00""}"
a3b4c5d6-e7f8-9012-3456-123456789013,3,swift_hawk_1234,swift_hawk_1234@protonmail.com,$2b$12$W8xX9yY0zZ1aA2bB3cC4dD5eE6fF7gG8hH9iI0jJ1kK2lL3mM4nN5,Asia/Tokyo,2026-04-16 12:45:40,05:15,9.0,7.5,45,0.0,05:30,15,Енергетики,True,0,cans,daily,#2980b9,⚡,10,37,False,"{""type"": ""weekdays""}",Енергетики,120,16,2026-04-15 22:00:00,2026-04-15 23:00:00,2026-04-16 05:30:00,5,"стимулятори, робота",2026-04-15 16:00:00,"{""focus"": ""reduce_stimulants"", ""bedtime"": ""22:45""}"
b4c5d6e7-f8a9-0123-4567-234567890124,2,calm_swan_5678,calm_swan_5678@icloud.com,$2b$12$X9yY0zZ1aA2bB3cC4dD5eE6fF7gG8hH9iI0jJ1kK2lL3mM4nN5oO6,Europe/London,2026-04-15 04:10:50,09:00,8.0,7.0,30,3.0,09:35,105,Скролінг перед сном,True,0,minutes,daily,#34495e,📱,20,60,False,"{""type"": ""every_day""}",Скролінг перед сном,200,25,2026-04-14 23:00:00,2026-04-15 01:00:00,2026-04-15 09:35:00,4,"екрани, безсоння",2026-04-14 19:00:00,"{""focus"": ""digital_detox"", ""bedtime"": ""00:30""}"
c5d6e7f8-a9b0-1234-5678-345678901235,1,brave_otter_9012,brave_otter_9012@outlook.com,$2b$12$Y0zZ1aA2bB3cC4dD5eE6fF7gG8hH9iI0jJ1kK2lL3mM4nN5oO6pP7,America/Chicago,2026-04-14 20:35:55,07:45,7.5,6.0,15,0.5,08:00,0,Спортзал,False,1,workout,weekly,#c0392b,🏋️,33,85,False,"{""days"": [""Mon"", ""Wed"", ""Fri""]}",Спортзал,175,12,2026-04-13 17:00:00,2026-04-13 23:30:00,2026-04-14 08:00:00,8,"силові, фітнес",2026-04-13 17:30:00,"{""focus"": ""strength"", ""bedtime"": ""23:00""}"
d6e7f8a9-b0c1-2345-6789-456789012346,1,wise_panther_3456,wise_panther_3456@gmail.com,$2b$12$Z1aA2bB3cC4dD5eE6fF7gG8hH9iI0jJ1kK2lL3mM4nN5oO6pP7qQ8,Europe/Kyiv,2026-04-13 11:20:05,06:00,8.0,6.5,45,1.0,06:22,30,Куріння,True,0,times,daily,#e74c3c,🚬,5,18,False,"{""type"": ""every_day""}",Куріння,80,20,2026-04-12 20:00:00,2026-04-13 00:00:00,2026-04-13 06:22:00,3,"тютюн, стрес",2026-04-12 18:00:00,"{""focus"": ""quit_smoking"", ""bedtime"": ""23:30""}"
e7f8a9b0-c1d2-3456-7890-567890123457,3,swift_parrot_7890,swift_parrot_7890@yahoo.com,$2b$12$2aA3bB4cC5dD6eE7fF8gG9hH0iI1jJ2kK3lL4mM5nN6oO7pP8qQ9,Asia/Shanghai,2026-04-12 05:50:30,08:30,7.0,5.5,30,2.0,08:50,60,Випити воду,False,2000,ml,daily,#3498db,💧,28,74,False,"{""type"": ""weekdays""}",Випити воду,155,18,2026-04-11 18:00:00,2026-04-11 23:30:00,2026-04-12 08:50:00,7,"гідратація, офіс",2026-04-11 13:30:00,"{""focus"": ""hydration"", ""bedtime"": ""23:00""}"
f8a9b0c1-d2e3-4567-8901-678901234568,1,calm_turtle_1234,calm_turtle_1234@protonmail.com,$2b$12$3bB4cC5dD6eE7fF8gG9hH0iI1jJ2kK3lL4mM5nN6oO7pP8qQ9rR0,Australia/Sydney,2026-04-11 14:35:40,09:15,9.0,8.0,15,0.0,09:30,15,Медитація,False,20,minutes,daily,#9b59b6,🧘‍♂️,60,130,False,"{""type"": ""every_day""}",Медитація,400,30,2026-04-10 21:00:00,2026-04-10 23:00:00,2026-04-11 09:30:00,10,"спокій, усвідомленість",2026-04-10 15:00:00,"{""focus"": ""mindfulness"", ""bedtime"": ""22:45""}"
a9b0c1d2-e3f4-5678-9012-789012345679,2,energetic_bee_5678,energetic_bee_5678@icloud.com,$2b$12$4cC5dD6eE7fF8gG9hH0iI1jJ2kK3lL4mM5nN6oO7pP8qQ9rR0sS1,Europe/Berlin,2026-04-10 03:15:20,05:45,7.5,6.0,45,0.5,06:00,15,Біг,False,7,km,weekly,#e67e22,🏃,22,88,False,"{""days"": [""Tue"", ""Thu"", ""Sat""]}",Біг,90,8,2026-04-09 06:30:00,2026-04-09 23:15:00,2026-04-10 06:00:00,8,"ранок, енергія",2026-04-09 17:15:00,"{""focus"": ""cardio"", ""bedtime"": ""22:45""}"
b0c1d2e3-f4a5-6789-0123-890123456780,1,swift_horse_3456,swift_horse_3456@gmail.com,$2b$12$5dD6eE7fF8gG9hH0iI1jJ2kK3lL4mM5nN6oO7pP8qQ9rR0sS1tT2,America/New_York,2026-04-09 18:40:10,08:00,8.5,7.0,30,1.5,08:20,30,Читання,False,50,pages,daily,#2ecc71,📚,15,55,False,"{""type"": ""every_day""}",Читання,200,28,2026-04-08 21:00:00,2026-04-08 23:45:00,2026-04-09 08:20:00,8,"література, вечір",2026-04-08 15:45:00,"{""focus"": ""knowledge"", ""bedtime"": ""23:30""}"
c1d2e3f4-a5b6-7890-1234-901234567891,3,brave_buffalo_7890,brave_buffalo_7890@yahoo.com,$2b$12$6eE7fF8gG9hH0iI1jJ2kK3lL4mM5nN6oO7pP8qQ9rR0sS1tT2uU3,Asia/Tokyo,2026-04-08 23:55:00,06:15,7.0,5.5,15,0.0,06:30,15,Солодощі,True,0,grams,daily,#f1c40f,🍩,12,30,False,"{""type"": ""weekends""}",Солодощі,65,10,2026-04-07 19:00:00,2026-04-08 00:00:00,2026-04-08 06:30:00,5,"цукор, стрес",2026-04-07 17:00:00,"{""focus"": ""reduce_sugar"", ""bedtime"": ""23:30""}"
d2e3f4a5-b6c7-8901-2345-012345678902,1,calm_llama_1234,calm_llama_1234@protonmail.com,$2b$12$7fF8gG9hH0iI1jJ2kK3lL4mM5nN6oO7pP8qQ9rR0sS1tT2uU3vV4,Europe/London,2026-04-07 16:05:25,09:30,9.0,8.0,30,3.0,10:00,60,Йога,False,45,minutes,daily,#8e44ad,🧘‍♀️,18,92,False,"{""type"": ""every_day""}",Йога,210,15,2026-04-06 18:30:00,2026-04-06 23:00:00,2026-04-07 10:00:00,9,"гнучкість, ранок",2026-04-06 15:00:00,"{""focus"": ""flexibility"", ""bedtime"": ""22:30""}"
e3f4a5b6-c7d8-9012-3456-123456789013,2,wise_sparrow_5678,wise_sparrow_5678@outlook.com,$2b$12$8gG9hH0iI1jJ2kK3lL4mM5nN6oO7pP8qQ9rR0sS1tT2uU3vV4wW5,UTC,2026-04-06 08:30:45,07:45,8.0,6.5,45,1.0,08:15,30,Кава після 16:00,True,0,cups,daily,#8e44ad,☕,35,110,False,"{""type"": ""weekdays""}",Кава після 16:00,300,22,2026-04-05 16:00:00,2026-04-05 23:30:00,2026-04-06 08:15:00,6,"кофеїн, робота",2026-04-05 15:30:00,"{""focus"": ""reduce_caffeine"", ""bedtime"": ""23:00""}"
f4a5b6c7-d8e9-0123-4567-234567890134,1,swift_colibri_9012,swift_colibri_9012@gmail.com,$2b$12$9hH0iI1jJ2kK3lL4mM5nN6oO7pP8qQ9rR0sS1tT2uU3vV4wW5xX6,Europe/Warsaw,2026-04-05 14:15:30,06:00,7.5,6.0,15,0.5,06:20,0,Вітаміни,False,1,pill,daily,#f39c12,💊,48,105,False,"{""type"": ""every_day""}",Вітаміни,350,28,2026-04-04 08:00:00,2026-04-04 23:00:00,2026-04-05 06:20:00,8,"здоров'я, імунітет",2026-04-04 16:00:00,"{""focus"": ""health"", ""bedtime"": ""22:45""}"
a5b6c7d8-e9f0-1234-5678-345678901245,3,brave_elk_3456,brave_elk_3456@icloud.com,$2b$12$0iI1jJ2kK3lL4mM5nN6oO7pP8qQ9rR0sS1tT2uU3vV4wW5xX6yY7,America/Chicago,2026-04-04 19:40:05,08:30,8.5,7.0,30,2.0,09:00,90,Фастфуд,True,0,meals,weekly,#e67e22,🍔,20,45,False,"{""type"": ""weekends""}",Фастфуд,70,12,2026-04-03 18:00:00,2026-04-04 01:00:00,2026-04-04 09:00:00,4,"вихідні, фастфуд",2026-04-03 22:00:00,"{""focus"": ""nutrition"", ""bedtime"": ""00:30""}"
b6c7d8e9-f0a1-2345-6789-456789012356,1,calm_whale_7890,calm_whale_7890@yahoo.com,$2b$12$1jJ2kK3lL4mM5nN6oO7pP8qQ9rR0sS1tT2uU3vV4wW5xX6yY7zZ8,Asia/Shanghai,2026-04-03 10:25:50,07:15,9.0,7.5,45,0.0,07:30,15,Плавання,False,1500,meters,daily,#3498db,🏊,30,78,False,"{""type"": ""weekdays""}",Плавання,130,14,2026-04-02 06:00:00,2026-04-02 23:00:00,2026-04-03 07:30:00,9,"басейн, ранок",2026-04-02 16:00:00,"{""focus"": ""active_day"", ""bedtime"": ""22:30""}"
c7d8e9f0-a1b2-3456-7890-567890123467,2,swift_cougar_1234,swift_cougar_1234@protonmail.com,$2b$12$2kK3lL4mM5nN6oO7pP8qQ9rR0sS1tT2uU3vV4wW5xX6yY7zZ8aA9,Australia/Sydney,2026-04-02 02:15:35,08:00,8.0,6.5,15,1.5,08:25,45,Прогулянка,False,8000,steps,daily,#27ae60,🚶,25,70,False,"{""type"": ""every_day""}",Прогулянка,180,20,2026-04-01 07:00:00,2026-04-01 23:30:00,2026-04-02 08:25:00,7,"ходьба, парк",2026-04-01 15:30:00,"{""focus"": ""daily_movement"", ""bedtime"": ""23:00""}"
d8e9f0a1-b2c3-4567-8901-678901234578,1,energetic_robin_5678,energetic_robin_5678@gmail.com,$2b$12$3lL4mM5nN6oO7pP8qQ9rR0sS1tT2uU3vV4wW5xX6yY7zZ8aA9bB0,Europe/Berlin,2026-04-01 17:30:20,06:30,7.5,6.0,30,0.5,06:50,0,Спортзал,False,1,workout,weekly,#c0392b,🏋️,40,95,False,"{""days"": [""Mon"", ""Thu""]}",Спортзал,160,14,2026-03-31 17:00:00,2026-03-31 23:00:00,2026-04-01 06:50:00,8,"тренування, сила",2026-03-31 16:00:00,"{""focus"": ""strength"", ""bedtime"": ""22:45""}"
e9f0a1b2-c3d4-5678-9012-789012345689,3,wise_crane_9012,wise_crane_9012@icloud.com,$2b$12$4mM5nN6oO7pP8qQ9rR0sS1tT2uU3vV4wW5xX6yY7zZ8aA9bB0cC1,Europe/Kyiv,2026-03-31 22:45:50,09:15,8.5,7.0,45,3.0,09:45,90,Скролінг перед сном,True,0,minutes,daily,#34495e,📱,18,50,False,"{""type"": ""every_day""}",Скролінг перед сном,220,24,2026-03-30 22:00:00,2026-03-31 00:30:00,2026-03-31 09:45:00,4,"екрани, пізно",2026-03-30 18:30:00,"{""focus"": ""digital_detox"", ""bedtime"": ""00:00""}"
f0a1b2c3-d4e5-6789-0123-890123456790,1,brave_jaguar_3456,brave_jaguar_3456@yahoo.com,$2b$12$5nN6oO7pP8qQ9rR0sS1tT2uU3vV4wW5xX6yY7zZ8aA9bB0cC1dD2,America/New_York,2026-03-30 13:10:15,05:00,7.0,5.5,15,0.0,05:15,15,Медитація,False,10,minutes,daily,#9b59b6,🧘‍♂️,10,35,False,"{""type"": ""weekdays""}",Медитація,100,15,2026-03-29 21:00:00,2026-03-29 23:00:00,2026-03-30 05:15:00,7,"ранок, спокій",2026-03-29 15:00:00,"{""focus"": ""mindfulness"", ""bedtime"": ""22:30""}"
a1b2c3d4-0001-4000-8000-000000000001,1,swift_antelope_1001,swift_antelope_1001@protonmail.com,$2b$12$A1b2C3d4E5f6G7h8I9j0K1l2M3n4O5p6Q7r8S9t0U1v2W3x4Y5z6,Europe/London,2026-04-14 09:22:33,07:30,8.2,6.8,20,1.2,07:55,10,Випити воду,False,2500,ml,daily,#3498db,💧,22,67,False,"{""type"": ""every_day""}",Випити воду,189,14,2026-04-13 20:10:00,2026-04-13 23:25:00,2026-04-14 07:55:00,8,"нагадування, пляшка",2026-04-13 15:25:00,"{""focus"": ""hydration"", ""bedtime"": ""23:10""}"
b2c3d4e5-0002-4001-8001-000000000002,2,calm_gazelle_1002,calm_gazelle_1002@gmail.com,$2b$12$B2c3D4e5F6g7H8i9J0k1L2m3N4o5P6q7R8s9T0u1V2w3X4y5Z6a7,Asia/Tokyo,2026-04-13 11:45:10,06:45,7.8,6.2,25,0.8,07:10,25,Читання,False,25,pages,daily,#2ecc71,📚,31,88,False,"{""type"": ""weekends""}",Читання,167,12,2026-04-12 22:30:00,2026-04-13 00:15:00,2026-04-13 07:10:00,7,"книга, вечір",2026-04-12 17:15:00,"{""focus"": ""consistency"", ""bedtime"": ""00:00""}"
c3d4e5f6-0003-4002-8002-000000000003,3,brave_oryx_1003,brave_oryx_1003@outlook.com,$2b$12$C3d4E5f6G7h8I9j0K1l2M3n4O5p6Q7r8S9t0U1v2W3x4Y5z6A7b8,America/Chicago,2026-04-12 15:30:45,08:15,7.5,6.5,15,2.5,09:05,70,Солодощі,True,0,grams,daily,#f1c40f,🍩,6,28,False,"{""type"": ""every_day""}",Солодощі,112,20,2026-04-11 19:40:00,2026-04-12 01:20:00,2026-04-12 09:05:00,4,"десерт, звичка",2026-04-11 18:20:00,"{""focus"": ""reduce_sugar"", ""bedtime"": ""01:00""}"
d4e5f6a7-0004-4003-8003-000000000004,1,energetic_ibex_1004,energetic_ibex_1004@icloud.com,$2b$12$D4e5F6g7H8i9J0k1L2m3N4o5P6q7R8s9T0u1V2w3X4y5Z6a7B8c9,Europe/Kyiv,2026-04-11 08:10:25,06:00,8.0,6.5,30,0.5,06:30,0,Біг,False,6,km,weekly,#e67e22,🏃,27,93,False,"{""days"": [""Tue"", ""Thu"", ""Sun""]}",Біг,85,9,2026-04-10 06:45:00,2026-04-10 23:00:00,2026-04-11 06:30:00,8,"ранковий, темп",2026-04-10 17:00:00,"{""focus"": ""cardio"", ""bedtime"": ""22:45""}"
e5f6a7b8-0005-4004-8004-000000000005,2,swift_springbok_1005,swift_springbok_1005@yahoo.com,$2b$12$E5f6G7h8I9j0K1l2M3n4O5p6Q7r8S9t0U1v2W3x4Y5z6A7b8C9d0,UTC,2026-04-10 17:55:40,09:00,8.5,7.0,45,1.0,09:25,35,Йога,False,40,minutes,daily,#8e44ad,🧘‍♀️,19,74,False,"{""type"": ""every_day""}",Йога,245,18,2026-04-09 18:00:00,2026-04-09 23:15:00,2026-04-10 09:25:00,9,"розтяжка, вечір",2026-04-09 15:15:00,"{""focus"": ""flexibility"", ""bedtime"": ""23:00""}"
f6a7b8c9-0006-4005-8005-000000000006,1,wise_duiker_1006,wise_duiker_1006@protonmail.com,$2b$12$F6g7H8i9J0k1L2m3N4o5P6q7R8s9T0u1V2w3X4y5Z6a7B8c9D0e1,Australia/Sydney,2026-04-09 22:20:15,07:15,7.2,6.0,15,0.0,07:35,20,Вітаміни,False,2,pills,daily,#f39c12,💊,41,102,False,"{""type"": ""every_day""}",Вітаміни,298,21,2026-04-08 08:30:00,2026-04-08 23:45:00,2026-04-09 07:35:00,7,"добавки, ранок",2026-04-08 15:45:00,"{""focus"": ""health"", ""bedtime"": ""23:30""}"
a7b8c9d0-0007-4006-8006-000000000007,3,brave_impala_1007,brave_impala_1007@gmail.com,$2b$12$G7h8I9j0K1l2M3n4O5p6Q7r8S9t0U1v2W3x4Y5z6a7B8c9D0e1F2,Europe/Berlin,2026-04-08 13:40:50,08:45,8.0,6.8,30,1.5,09:15,45,Кава після 16:00,True,0,cups,daily,#8e44ad,☕,14,57,False,"{""type"": ""weekdays""}",Кава після 16:00,210,16,2026-04-07 16:15:00,2026-04-08 00:00:00,2026-04-08 09:15:00,5,"кава, робота",2026-04-07 17:00:00,"{""focus"": ""reduce_caffeine"", ""bedtime"": ""23:30""}"
b8c9d0e1-0008-4007-8007-000000000008,1,calm_kudu_1008,calm_kudu_1008@icloud.com,$2b$12$H8i9J0k1L2m3N4o5P6q7R8s9T0u1V2w3X4y5Z6a7B8c9D0e1F2G3,America/New_York,2026-04-07 04:15:30,06:30,8.7,7.2,15,0.2,06:50,15,Медитація,False,20,minutes,daily,#9b59b6,🧘‍♂️,37,115,False,"{""type"": ""every_day""}",Медитація,320,25,2026-04-06 21:30:00,2026-04-06 23:15:00,2026-04-07 06:50:00,9,"спокій, рутина",2026-04-06 16:15:00,"{""focus"": ""mindfulness"", ""bedtime"": ""23:00""}"
c9d0e1f2-0009-4008-8008-000000000009,2,swift_eland_1009,swift_eland_1009@outlook.com,$2b$12$I9j0K1l2M3n4O5p6Q7r8S9t0U1v2W3x4Y5z6a7B8c9D0e1F2G3H4,Asia/Shanghai,2026-04-06 10:55:20,07:00,7.5,6.0,30,3.0,07:40,60,Фастфуд,True,0,meals,weekly,#e67e22,🍔,17,43,False,"{""type"": ""weekends""}",Фастфуд,55,6,2026-04-05 19:00:00,2026-04-06 01:30:00,2026-04-06 07:40:00,5,"бургери, лінь",2026-04-05 20:30:00,"{""focus"": ""nutrition"", ""bedtime"": ""01:00""}"
d0e1f2a3-0010-4009-8009-000000000010,3,energetic_nyala_1010,energetic_nyala_1010@yahoo.com,$2b$12$J0k1L2m3N4o5P6q7R8s9T0u1V2w3X4y5Z6a7B8c9D0e1F2G3H4I5,Europe/Warsaw,2026-04-05 19:25:45,09:30,9.0,7.5,45,0.5,09:50,20,Спортзал,False,1,workout,weekly,#c0392b,🏋️,22,68,False,"{""days"": [""Mon"", ""Wed"", ""Fri""]}",Спортзал,145,11,2026-04-04 17:30:00,2026-04-04 23:30:00,2026-04-05 09:50:00,8,"силові, прогрес",2026-04-04 16:00:00,"{""focus"": ""strength"", ""bedtime"": ""23:00""}"
e1f2a3b4-0011-4010-8010-000000000011,1,wise_bongo_1011,wise_bongo_1011@protonmail.com,$2b$12$K1l2M3n4O5p6Q7r8S9t0U1v2W3x4Y5z6a7B8c9D0e1F2G3H4I5J6,Europe/London,2026-04-04 14:50:35,06:15,7.8,6.3,15,1.0,06:40,0,Прогулянка,False,12000,steps,daily,#27ae60,🚶,33,81,False,"{""type"": ""every_day""}",Прогулянка,290,23,2026-04-03 07:30:00,2026-04-03 23:15:00,2026-04-04 06:40:00,7,"ходьба, парк",2026-04-03 16:15:00,"{""focus"": ""daily_movement"", ""bedtime"": ""23:00""}"
f2a3b4c5-0012-4011-8011-000000000012,2,brave_okapi_1012,brave_okapi_1012@gmail.com,$2b$12$L2m3N4o5P6q7R8s9T0u1V2w3X4y5Z6a7B8c9D0e1F2G3H4I5J6K7,America/Los_Angeles,2026-04-03 03:15:10,08:00,8.2,7.0,30,2.0,08:35,50,Скролінг перед сном,True,0,minutes,daily,#34495e,📱,9,33,False,"{""type"": ""every_day""}",Скролінг перед сном,175,19,2026-04-02 23:30:00,2026-04-03 01:45:00,2026-04-03 08:35:00,4,"телефон, ніч",2026-04-02 20:45:00,"{""focus"": ""digital_detox"", ""bedtime"": ""01:00""}"
a3b4c5d6-0013-4012-8012-000000000013,1,calm_sitatunga_1013,calm_sitatunga_1013@icloud.com,$2b$12$M3n4O5p6Q7r8S9t0U1v2W3x4Y5z6a7B8c9D0e1F2G3H4I5J6K7L8,Asia/Tokyo,2026-04-02 12:40:20,09:15,9.0,8.0,15,0.0,09:30,15,Плавання,False,2000,meters,daily,#3498db,🏊,45,109,False,"{""type"": ""weekdays""}",Плавання,155,17,2026-04-01 06:15:00,2026-04-01 22:45:00,2026-04-02 09:30:00,10,"басейн, техніка",2026-04-01 15:45:00,"{""focus"": ""active_day"", ""bedtime"": ""22:30""}"
b4c5d6e7-0014-4013-8013-000000000014,3,swift_lechwe_1014,swift_lechwe_1014@outlook.com,$2b$12$N4o5P6q7R8s9T0u1V2w3X4y5Z6a7B8c9D0e1F2G3H4I5J6K7L8M9,Australia/Sydney,2026-04-01 17:25:55,06:45,7.5,6.2,30,1.2,07:15,30,Вивчення мови,False,15,minutes,daily,#1abc9c,🗣️,26,62,False,"{""days"": [""Mon"", ""Wed"", ""Fri""]}",Вивчення мови,195,15,2026-03-31 19:30:00,2026-03-31 23:45:00,2026-04-01 07:15:00,7,"дуолінго, вечір",2026-03-31 14:45:00,"{""focus"": ""consistency"", ""bedtime"": ""23:30""}"
c5d6e7f8-0015-4014-8014-000000000015,1,energetic_waterbuck_1015,energetic_waterbuck_1015@yahoo.com,$2b$12$O5p6Q7r8S9t0U1v2W3x4Y5z6a7B8c9D0e1F2G3H4I5J6K7L8M9N0,Europe/Berlin,2026-03-31 20:10:30,08:30,8.0,6.8,45,0.8,08:55,25,Куріння,True,0,times,daily,#e74c3c,🚬,3,12,False,"{""type"": ""every_day""}",Куріння,45,8,2026-03-30 18:00:00,2026-03-31 00:30:00,2026-03-31 08:55:00,3,"цигарки, стрес",2026-03-30 17:30:00,"{""focus"": ""quit_smoking"", ""bedtime"": ""00:00""}"
d6e7f8a9-0016-4015-8015-000000000016,2,wise_reedbuck_1016,wise_reedbuck_1016@protonmail.com,$2b$12$P6q7R8s9T0u1V2w3X4y5Z6a7B8c9D0e1F2G3H4I5J6K7L8M9N0O1,Europe/Kyiv,2026-03-30 22:35:10,07:30,8.5,7.0,15,0.5,07:55,20,Вітаміни,False,1,pill,daily,#f39c12,💊,34,97,False,"{""type"": ""every_day""}",Вітаміни,275,22,2026-03-29 08:00:00,2026-03-29 23:00:00,2026-03-30 07:55:00,8,"імунітет, щодня",2026-03-29 16:00:00,"{""focus"": ""health"", ""bedtime"": ""22:45""}"
e7f8a9b0-0017-4016-8016-000000000017,1,brave_bushbuck_1017,brave_bushbuck_1017@gmail.com,$2b$12$Q7r8S9t0U1v2W3x4Y5z6A7b8C9d0E1f2G3h4I5j6K7l8M9n0O1p2,America/Chicago,2026-03-29 15:50:45,06:00,7.0,5.5,30,2.0,06:35,65,Енергетики,True,0,cans,daily,#2980b9,⚡,8,25,False,"{""type"": ""weekends""}",Енергетики,95,14,2026-03-28 20:00:00,2026-03-29 00:30:00,2026-03-29 06:35:00,4,"хімія, втома",2026-03-28 18:00:00,"{""focus"": ""reduce_stimulants"", ""bedtime"": ""00:00""}"
f8a9b0c1-0018-4017-8017-000000000018,3,calm_steenbok_1018,calm_steenbok_1018@icloud.com,$2b$12$R8s9T0u1V2w3X4y5Z6a7B8c9D0e1F2g3H4i5J6k7L8m9N0o1P2q3,Asia/Shanghai,2026-03-28 18:05:20,09:00,8.8,7.3,45,1.5,09:40,50,Солодощі,True,0,grams,daily,#f1c40f,🍩,11,39,False,"{""type"": ""every_day""}",Солодощі,130,18,2026-03-27 19:30:00,2026-03-28 01:00:00,2026-03-28 09:40:00,5,"шоколад, вечір",2026-03-27 19:00:00,"{""focus"": ""reduce_sugar"", ""bedtime"": ""00:30""}"
a9b0c1d2-0019-4018-8018-000000000019,1,swift_grysbok_1019,swift_grysbok_1019@outlook.com,$2b$12$S9t0U1v2W3x4Y5z6A7b8C9d0E1f2G3h4I5j6K7l8M9n0O1p2Q3r4,Europe/London,2026-03-27 09:30:15,08:15,7.8,6.5,15,0.2,08:45,10,Читання,False,40,pages,daily,#2ecc71,📚,28,84,False,"{""type"": ""weekdays""}",Читання,185,14,2026-03-26 22:00:00,2026-03-26 23:30:00,2026-03-27 08:45:00,8,"книги, саморозвиток",2026-03-26 16:30:00,"{""focus"": ""knowledge"", ""bedtime"": ""23:15""}"
b0c1d2e3-0020-4019-8019-000000000020,2,energetic_klipspringer_1020,energetic_klipspringer_1020@yahoo.com,$2b$12$T0u1V2w3X4y5Z6a7B8c9D0e1F2g3H4i5J6k7L8m9N0o1P2q3R4s5,UTC,2026-03-26 14:15:40,07:45,8.2,6.8,30,0.5,08:10,25,Біг,False,8,km,weekly,#e67e22,🏃,15,52,False,"{""days"": [""Mon"", ""Fri""]}",Біг,72,7,2026-03-25 06:30:00,2026-03-25 23:15:00,2026-03-26 08:10:00,8,"дистанція, витривалість",2026-03-25 17:00:00,"{""focus"": ""cardio"", ""bedtime"": ""23:00""}"
c1d2e3f4-0021-4020-8020-000000000021,1,wise_dikdik_1021,wise_dikdik_1021@protonmail.com,$2b$12$U1v2W3x4Y5z6A7b8C9d0E1f2G3h4I5j6K7l8M9n0O1p2Q3r4S5t6,America/New_York,2026-03-25 19:55:10,09:30,9.0,7.5,45,3.0,10:15,105,Фастфуд,True,0,meals,weekly,#e67e22,🍔,22,48,False,"{""type"": ""weekends""}",Фастфуд,65,9,2026-03-24 18:30:00,2026-03-25 02:00:00,2026-03-25 10:15:00,4,"піца, вихідні",2026-03-24 19:30:00,"{""focus"": ""nutrition"", ""bedtime"": ""01:30""}"
d2e3f4a5-0022-4021-8021-000000000022,3,brave_sunbird_1022,brave_sunbird_1022@gmail.com,$2b$12$V2w3X4y5Z6a7B8c9D0e1F2g3H4i5J6k7L8m9N0o1P2q3R4s5T6u7,Australia/Sydney,2026-03-24 11:20:35,06:30,7.5,6.0,15,1.0,07:00,30,Йога,False,35,minutes,daily,#8e44ad,🧘‍♀️,20,76,False,"{""type"": ""every_day""}",Йога,230,17,2026-03-23 17:45:00,2026-03-23 23:00:00,2026-03-24 07:00:00,8,"розтяжка, баланс",2026-03-23 15:30:00,"{""focus"": ""flexibility"", ""bedtime"": ""22:45""}"
e3f4a5b6-0023-4022-8022-000000000023,1,calm_hornbill_1023,calm_hornbill_1023@icloud.com,$2b$12$W3x4Y5z6A7b8C9d0E1f2G3h4I5j6K7l8M9n0O1p2Q3r4S5t6U7v8,Asia/Tokyo,2026-03-23 16:45:50,08:00,8.5,7.0,30,0.0,08:20,0,Медитація,False,15,minutes,daily,#9b59b6,🧘‍♂️,38,102,False,"{""type"": ""every_day""}",Медитація,340,26,2026-03-22 21:00:00,2026-03-22 23:30:00,2026-03-23 08:20:00,9,"дихання, ранок",2026-03-22 15:30:00,"{""focus"": ""mindfulness"", ""bedtime"": ""23:15""}"
f3f4a5b6-0024-4023-8023-000000000024,2,swift_hoopoe_1024,swift_hoopoe_1024@outlook.com,$2b$12$X4y5Z6a7B8c9D0e1F2g3H4i5J6k7L8m9N0o1P2q3R4s5T6u7V8w9,Europe/Berlin,2026-03-22 21:30:15,09:15,7.8,6.5,45,0.8,09:45,35,Кава після 16:00,True,0,cups,daily,#8e44ad,☕,16,61,False,"{""type"": ""weekdays""}",Кава після 16:00,250,19,2026-03-21 16:30:00,2026-03-21 23:45:00,2026-03-22 09:45:00,6,"кава, робочий день",2026-03-21 16:45:00,"{""focus"": ""reduce_caffeine"", ""bedtime"": ""23:30""}"
a4b5c6d7-0025-4024-8024-000000000025,3,energetic_roller_1025,energetic_roller_1025@yahoo.com,$2b$12$Y5z6A7b8C9d0E1f2G3h4I5j6K7l8M9n0O1p2Q3r4S5t6U7v8W9x0,Europe/Kyiv,2026-03-21 10:15:40,07:00,8.0,6.8,15,1.5,07:30,45,Спортзал,False,1,workout,weekly,#c0392b,🏋️,28,72,False,"{""days"": [""Mon"", ""Wed"", ""Fri""]}",Спортзал,155,13,2026-03-20 17:00:00,2026-03-20 23:15:00,2026-03-21 07:30:00,8,"тренування, сила",2026-03-20 16:00:00,"{""focus"": ""strength"", ""bedtime"": ""23:00""}"
b5c6d7e8-0026-4025-8025-000000000026,1,wise_bee_eater_1026,wise_bee_eater_1026@protonmail.com,$2b$12$Z6a7B8c9D0e1F2g3H4i5J6k7L8m9N0o1P2q3R4s5T6u7V8w9X0y1,America/Los_Angeles,2026-03-20 05:45:25,08:45,8.7,7.2,30,2.5,09:20,75,Скролінг перед сном,True,0,minutes,daily,#34495e,📱,14,38,False,"{""type"": ""every_day""}",Скролінг перед сном,195,21,2026-03-19 23:00:00,2026-03-20 01:30:00,2026-03-20 09:20:00,5,"соцмережі, ніч",2026-03-19 20:30:00,"{""focus"": ""digital_detox"", ""bedtime"": ""01:00""}"
c6d7e8f9-0027-4026-8026-000000000027,2,brave_kingfisher_1027,brave_kingfisher_1027@gmail.com,$2b$12$7a8B9c0D1e2F3g4H5i6J7k8L9m0N1o2P3q4R5s6T7u8V9w0X1y2Z3,UTC,2026-03-19 14:30:50,06:15,7.2,6.0,15,0.0,06:35,20,Випити воду,False,2000,ml,daily,#3498db,💧,30,85,False,"{""type"": ""every_day""}",Випити воду,170,13,2026-03-18 20:00:00,2026-03-18 23:00:00,2026-03-19 06:35:00,7,"вода, звичка",2026-03-18 16:00:00,"{""focus"": ""hydration"", ""bedtime"": ""22:45""}"
d7e8f9a0-0028-4027-8027-000000000028,3,calm_drongo_1028,calm_drongo_1028@icloud.com,$2b$12$8B9c0D1e2F3g4H5i6J7k8L9m0N1o2P3q4R5s6T7u8V9w0X1y2Z3a4,Asia/Shanghai,2026-03-18 18:15:35,09:00,8.5,7.0,45,1.0,09:30,40,Солодощі,True,0,grams,daily,#f1c40f,🍩,7,31,False,"{""type"": ""weekends""}",Солодощі,108,15,2026-03-17 19:00:00,2026-03-18 01:15:00,2026-03-18 09:30:00,5,"цукерки, стрес",2026-03-17 19:15:00,"{""focus"": ""reduce_sugar"", ""bedtime"": ""00:45""}"
e8f9a0b1-0029-4028-8028-000000000029,1,swift_weaver_1029,swift_weaver_1029@outlook.com,$2b$12$9C0d1E2f3G4h5I6j7K8l9M0n1O2p3Q4r5S6t7U8v9W0x1Y2z3A4b5,Australia/Sydney,2026-03-17 22:45:10,07:30,8.2,6.8,15,0.5,07:55,25,Прогулянка,False,9000,steps,daily,#27ae60,🚶,39,91,False,"{""type"": ""every_day""}",Прогулянка,310,24,2026-03-16 07:45:00,2026-03-16 23:30:00,2026-03-17 07:55:00,8,"ходьба, свіже повітря",2026-03-16 16:30:00,"{""focus"": ""daily_movement"", ""bedtime"": ""23:15""}"
f9a0b1c2-0030-4029-8029-000000000030,2,energetic_whydah_1030,energetic_whydah_1030@yahoo.com,$2b$12$0D1e2F3g4H5i6J7k8L9m0N1o2P3q4R5s6T7u8V9w0X1y2Z3a4B5c6,Europe/London,2026-03-16 12:10:40,06:45,7.5,6.3,30,1.2,07:15,30,Вітаміни,False,2,pills,daily,#f39c12,💊,46,118,False,"{""type"": ""every_day""}",Вітаміни,360,28,2026-03-15 08:15:00,2026-03-15 23:15:00,2026-03-16 07:15:00,8,"здоров'я, регулярність",2026-03-15 16:15:00,"{""focus"": ""health"", ""bedtime"": ""23:00""}"
a0b1c2d3-0031-4030-8030-000000000031,1,wise_flycatcher_1031,wise_flycatcher_1031@protonmail.com,$2b$12$1E2f3G4h5I6j7K8l9M0n1O2p3Q4r5S6t7U8v9W0x1Y2z3A4b5C6d7,America/Chicago,2026-03-15 03:25:55,08:15,8.0,6.5,45,0.0,08:35,0,Вивчення мови,False,30,minutes,daily,#1abc9c,🗣️,24,69,False,"{""days"": [""Tue"", ""Thu""]}",Вивчення мови,205,16,2026-03-14 19:00:00,2026-03-14 23:30:00,2026-03-15 08:35:00,7,"іспанська, вечір",2026-03-14 16:30:00,"{""focus"": ""consistency"", ""bedtime"": ""23:15""}"
b1c2d3e4-0032-4031-8031-000000000032,3,brave_nightjar_1032,brave_nightjar_1032@gmail.com,$2b$12$2F3g4H5i6J7k8L9m0N1o2P3q4R5s6T7u8V9w0X1y2Z3a4B5c6D7e8,Asia/Tokyo,2026-03-14 15:50:20,09:30,9.0,7.5,15,3.0,10:10,100,Фастфуд,True,0,meals,weekly,#e67e22,🍔,10,35,False,"{""type"": ""weekends""}",Фастфуд,75,11,2026-03-13 18:00:00,2026-03-14 02:30:00,2026-03-14 10:10:00,4,"вихідні, шкідлива їжа",2026-03-13 20:30:00,"{""focus"": ""nutrition"", ""bedtime"": ""01:30""}"
c2d3e4f5-0033-4032-8032-000000000033,1,calm_pitta_1033,calm_pitta_1033@icloud.com,$2b$12$3G4h5I6j7K8l9M0n1O2p3Q4r5S6t7U8v9W0x1Y2z3A4b5C6d7E8f9,Europe/Berlin,2026-03-13 17:15:45,06:00,7.0,5.8,30,0.5,06:25,25,Біг,False,4,km,weekly,#e67e22,🏃,19,58,False,"{""days"": [""Wed"", ""Sun""]}",Біг,68,6,2026-03-12 06:45:00,2026-03-12 23:00:00,2026-03-13 06:25:00,7,"початок, легкий",2026-03-12 17:00:00,"{""focus"": ""cardio"", ""bedtime"": ""22:45""}"
d3e4f5a6-0034-4033-8033-000000000034,2,swift_sunbird_1034,swift_sunbird_1034@outlook.com,$2b$12$4H5i6J7k8L9m0N1o2P3q4R5s6T7u8V9w0X1y2Z3a4B5c6D7e8F9g0,Europe/Kyiv,2026-03-12 20:40:15,08:45,8.5,7.0,45,1.5,09:15,45,Кава після 16:00,True,0,cups,daily,#8e44ad,☕,19,72,False,"{""type"": ""weekdays""}",Кава після 16:00,280,21,2026-03-11 16:00:00,2026-03-11 23:45:00,2026-03-12 09:15:00,6,"кофеїн, офіс",2026-03-11 16:45:00,"{""focus"": ""reduce_caffeine"", ""bedtime"": ""23:30""}"
e4f5a6b7-0035-4034-8034-000000000035,3,energetic_mannikin_1035,energetic_mannikin_1035@yahoo.com,$2b$12$5I6j7K8l9M0n1O2p3Q4r5S6t7U8v9W0x1Y2z3A4b5C6d7E8f9G0h1,UTC,2026-03-11 09:25:30,07:15,7.8,6.5,15,0.2,07:40,20,Читання,False,35,pages,daily,#2ecc71,📚,35,96,False,"{""type"": ""every_day""}",Читання,220,17,2026-03-10 22:00:00,2026-03-10 23:45:00,2026-03-11 07:40:00,8,"книги, розвиток",2026-03-10 16:45:00,"{""focus"": ""knowledge"", ""bedtime"": ""23:30""}"
f5a6b7c8-0036-4035-8035-000000000036,1,wise_waxbill_1036,wise_waxbill_1036@protonmail.com,$2b$12$6J7k8L9m0N1o2P3q4R5s6T7u8V9w0X1y2Z3a4B5c6D7e8F9g0H1i2,America/New_York,2026-03-10 14:50:55,09:00,9.0,7.8,30,2.0,09:50,60,Солодощі,True,0,grams,daily,#f1c40f,🍩,13,40,False,"{""type"": ""every_day""}",Солодощі,145,20,2026-03-09 19:30:00,2026-03-10 01:00:00,2026-03-10 09:50:00,5,"цукор, вечір",2026-03-09 19:00:00,"{""focus"": ""reduce_sugar"", ""bedtime"": ""00:30""}"
a6b7c8d9-0037-4036-8036-000000000037,2,brave_weaver_1037,brave_weaver_1037@gmail.com,$2b$12$7K8l9M0n1O2p3Q4r5S6t7U8v9W0x1Y2z3A4b5C6d7E8f9G0h1I2j3,Australia/Sydney,2026-03-09 19:15:20,06:30,7.5,6.2,15,1.0,07:00,30,Йога,False,25,minutes,daily,#8e44ad,🧘‍♀️,26,80,False,"{""type"": ""every_day""}",Йога,260,19,2026-03-08 17:30:00,2026-03-08 23:00:00,2026-03-09 07:00:00,8,"гнучкість, ранок",2026-03-08 15:30:00,"{""focus"": ""flexibility"", ""bedtime"": ""22:45""}"
b7c8d9e0-0038-4037-8037-000000000038,3,calm_whistler_1038,calm_whistler_1038@icloud.com,$2b$12$8L9m0N1o2P3q4R5s6T7u8V9w0X1y2Z3a4B5c6D7e8F9g0H1i2J3k4,Asia/Shanghai,2026-03-08 10:40:35,08:15,8.2,6.8,45,0.5,08:45,25,Медитація,False,10,minutes,daily,#9b59b6,🧘‍♂️,42,108,False,"{""type"": ""every_day""}",Медитація,385,30,2026-03-07 21:30:00,2026-03-07 23:15:00,2026-03-08 08:45:00,9,"спокій, концентрація",2026-03-07 16:15:00,"{""focus"": ""mindfulness"", ""bedtime"": ""23:00""}"
c8d9e0f1-0039-4038-8038-000000000039,1,swift_barbet_1039,swift_barbet_1039@outlook.com,$2b$12$9M0n1O2p3Q4r5S6t7U8v9W0x1Y2z3A4b5C6d7E8f9G0h1I2j3K4l5,Europe/London,2026-03-07 23:55:10,07:45,8.5,7.0,15,0.0,08:10,0,Вітаміни,False,1,pill,daily,#f39c12,💊,50,125,False,"{""type"": ""every_day""}",Вітаміни,410,32,2026-03-06 08:00:00,2026-03-06 23:30:00,2026-03-07 08:10:00,9,"здоров'я, щодня",2026-03-06 16:30:00,"{""focus"": ""health"", ""bedtime"": ""23:15""}"
d9e0f1a2-0040-4039-8039-000000000040,2,energetic_honeyguide_1040,energetic_honeyguide_1040@yahoo.com,$2b$12$0N1o2P3q4R5s6T7u8V9w0X1y2Z3a4B5c6D7e8F9g0H1i2J3k4L5m6,America/Los_Angeles,2026-03-06 16:20:45,09:45,8.8,7.3,30,3.5,10:30,120,Скролінг перед сном,True,0,minutes,daily,#34495e,📱,16,42,False,"{""type"": ""every_day""}",Скролінг перед сном,215,23,2026-03-05 23:30:00,2026-03-06 02:00:00,2026-03-06 10:30:00,4,"телефон, залежність",2026-03-05 21:00:00,"{""focus"": ""digital_detox"", ""bedtime"": ""01:30""}"
e0f1a2b3-0041-4040-8040-000000000041,1,wise_firefinch_1041,wise_firefinch_1041@protonmail.com,$2b$12$1O2p3Q4r5S6t7U8v9W0x1Y2z3A4b5C6d7E8f9G0h1I2j3K4l5M6n7,Europe/Berlin,2026-03-05 05:15:30,06:15,7.0,5.8,15,1.5,06:45,30,Прогулянка,False,11000,steps,daily,#27ae60,🚶,44,104,False,"{""type"": ""every_day""}",Прогулянка,335,26,2026-03-04 07:00:00,2026-03-04 23:00:00,2026-03-05 06:45:00,8,"кроки, активність",2026-03-04 16:00:00,"{""focus"": ""daily_movement"", ""bedtime"": ""22:45""}"
f1a2b3c4-0042-4041-8041-000000000042,3,brave_waxbill_1042,brave_waxbill_1042@gmail.com,$2b$12$2P3q4R5s6T7u8V9w0X1y2Z3a4B5c6D7e8F9g0H1i2J3k4L5m6N7o8,Asia/Tokyo,2026-03-04 14:45:55,08:30,8.0,6.5,30,0.5,08:55,25,Вивчення мови,False,25,minutes,daily,#1abc9c,🗣️,29,77,False,"{""days"": [""Mon"", ""Wed"", ""Fri""]}",Вивчення мови,225,18,2026-03-03 19:15:00,2026-03-03 23:45:00,2026-03-04 08:55:00,7,"мова, дисципліна",2026-03-03 15:45:00,"{""focus"": ""consistency"", ""bedtime"": ""23:30""}"
a2b3c4d5-0043-4042-8042-000000000043,1,calm_weaver_1043,calm_weaver_1043@icloud.com,$2b$12$3Q4r5S6t7U8v9W0x1Y2z3A4b5C6d7E8f9G0h1I2j3K4l5M6n7O8p9,Europe/Kyiv,2026-03-03 17:30:20,09:15,8.7,7.2,45,1.0,09:45,35,Кава після 16:00,True,0,cups,daily,#8e44ad,☕,21,84,False,"{""type"": ""weekdays""}",Кава після 16:00,310,23,2026-03-02 16:15:00,2026-03-02 23:30:00,2026-03-03 09:45:00,6,"кава, звичка",2026-03-02 17:30:00,"{""focus"": ""reduce_caffeine"", ""bedtime"": ""23:15""}"
b3c4d5e6-0044-4043-8043-000000000044,2,swift_whydah_1044,swift_whydah_1044@outlook.com,$2b$12$4R5s6T7u8V9w0X1y2Z3a4B5c6D7e8F9g0H1i2J3k4L5m6N7o8P9q0,UTC,2026-03-02 21:05:45,07:00,8.2,6.8,15,0.0,07:25,25,Випити воду,False,2000,ml,daily,#3498db,💧,36,92,False,"{""type"": ""every_day""}",Випити воду,195,15,2026-03-01 20:30:00,2026-03-01 23:15:00,2026-03-02 07:25:00,8,"гідратація, офіс",2026-03-01 15:15:00,"{""focus"": ""hydration"", ""bedtime"": ""23:00""}"
c4d5e6f7-0045-4044-8044-000000000045,3,energetic_indigobird_1045,energetic_indigobird_1045@yahoo.com,$2b$12$5S6t7U8v9W0x1Y2z3A4b5C6d7E8f9G0h1I2j3K4l5M6n7O8p9Q0r1,America/Chicago,2026-03-01 15:30:10,09:00,9.0,7.5,30,2.0,09:40,70,Фастфуд,True,0,meals,weekly,#e67e22,🍔,18,41,False,"{""type"": ""weekends""}",Фастфуд,60,8,2026-02-28 19:00:00,2026-03-01 01:30:00,2026-03-01 09:40:00,5,"вихідні, бургери",2026-02-28 20:30:00,"{""focus"": ""nutrition"", ""bedtime"": ""01:00""}"
d5e6f7a8-0046-4045-8045-000000000046,1,wise_cuckoo_1046,wise_cuckoo_1046@protonmail.com,$2b$12$6T7u8V9w0X1y2Z3a4B5c6D7e8F9g0H1i2J3k4L5m6N7o8P9q0R1s2,Australia/Sydney,2026-02-28 18:45:55,06:45,7.5,6.5,45,0.8,07:15,30,Спортзал,False,1,workout,weekly,#c0392b,🏋️,31,79,False,"{""days"": [""Tue"", ""Thu"", ""Sat""]}",Спортзал,140,12,2026-02-27 17:00:00,2026-02-27 23:30:00,2026-02-28 07:15:00,8,"силові, фітнес",2026-02-27 16:30:00,"{""focus"": ""strength"", ""bedtime"": ""23:15""}"
e6f7a8b9-0047-4046-8046-000000000047,2,brave_honeybird_1047,brave_honeybird_1047@gmail.com,$2b$12$7U8v9W0x1Y2z3A4b5C6d7E8f9G0h1I2j3K4l5M6n7O8p9Q0r1S2t3,Europe/London,2026-02-27 11:20:40,08:00,8.5,7.0,15,1.5,08:30,45,Солодощі,True,0,grams,daily,#f1c40f,🍩,9,36,False,"{""type"": ""every_day""}",Солодощі,125,17,2026-02-26 19:00:00,2026-02-27 00:30:00,2026-02-27 08:30:00,5,"солодке, стрес",2026-02-26 18:30:00,"{""focus"": ""reduce_sugar"", ""bedtime"": ""00:15""}"
f7a8b9c0-0048-4047-8047-000000000048,3,calm_shrike_1048,calm_shrike_1048@icloud.com,$2b$12$8V9w0X1y2Z3a4B5c6D7e8F9g0H1i2J3k4L5m6N7o8P9q0R1s2T3u4,Asia/Shanghai,2026-02-26 03:35:15,09:30,9.0,7.8,30,0.5,09:50,20,Медитація,False,20,minutes,daily,#9b59b6,🧘‍♂️,44,116,False,"{""type"": ""every_day""}",Медитація,400,31,2026-02-25 21:00:00,2026-02-25 23:15:00,2026-02-26 09:50:00,10,"спокій, ранок",2026-02-25 16:15:00,"{""focus"": ""mindfulness"", ""bedtime"": ""23:00""}"
a8b9c0d1-0049-4048-8048-000000000049,1,swift_oriole_1049,swift_oriole_1049@outlook.com,$2b$12$9W0x1Y2z3A4b5C6d7E8f9G0h1I2j3K4l5M6n7O8p9Q0r1S2t3U4v5,Europe/Berlin,2026-02-25 17:50:30,06:15,7.8,6.3,45,0.0,06:40,25,Біг,False,5,km,weekly,#e67e22,🏃,17,62,False,"{""days"": [""Mon"", ""Fri""]}",Біг,78,8,2026-02-24 06:30:00,2026-02-24 23:00:00,2026-02-25 06:40:00,8,"ранковий, бадьорість",2026-02-24 17:00:00,"{""focus"": ""cardio"", ""bedtime"": ""22:45""}"
b9c0d1e2-0050-4049-8049-000000000050,2,energetic_chat_1050,energetic_chat_1050@yahoo.com,$2b$12$0X1y2Z3a4B5c6D7e8F9g0H1i2J3k4L5m6N7o8P9q0R1s2T3u4V5w6,America/New_York,2026-02-24 20:15:45,08:45,8.2,6.8,15,2.5,09:20,65,Скролінг перед сном,True,0,minutes,daily,#34495e,📱,12,34,False,"{""type"": ""every_day""}",Скролінг перед сном,185,20,2026-02-23 23:00:00,2026-02-24 01:15:00,2026-02-24 09:20:00,5,"телефон, ніч",2026-02-23 20:15:00,"{""focus"": ""digital_detox"", ""bedtime"": ""00:45""}"
c0d1e2f3-0051-4050-8050-000000000051,2,calm_thrush_1051,calm_thrush_1051@protonmail.com,$2b$12$1Y2z3A4b5C6d7E8f9G0h1I2j3K4l5M6n7O8p9Q0r1S2t3U4v5W6x7,Europe/Kyiv,2026-02-23 09:10:25,07:30,8.0,6.5,30,1.0,07:55,35,Читання,False,45,pages,daily,#2ecc71,📚,32,89,False,"{""type"": ""every_day""}",Читання,240,18,2026-02-22 21:45:00,2026-02-22 23:30:00,2026-02-23 07:55:00,8,"література, саморозвиток",2026-02-22 16:30:00,"{""focus"": ""knowledge"", ""bedtime"": ""23:15""}"
d1e2f3a4-0052-4051-8051-000000000052,1,wise_tit_1052,wise_tit_1052@gmail.com,$2b$12$2Z3a4B5c6D7e8F9g0H1i2J3k4L5m6N7o8P9q0R1s2T3u4V5w6X7y8,Australia/Sydney,2026-02-22 14:35:50,08:15,8.5,7.0,15,0.2,08:40,15,Прогулянка,False,10500,steps,daily,#27ae60,🚶,47,113,False,"{""type"": ""every_day""}",Прогулянка,355,27,2026-02-21 07:30:00,2026-02-21 23:15:00,2026-02-22 08:40:00,8,"ходьба, природа",2026-02-21 16:15:00,"{""focus"": ""daily_movement"", ""bedtime"": ""23:00""}"
e2f3a4b5-0053-4052-8052-000000000053,3,brave_nuthatch_1053,brave_nuthatch_1053@icloud.com,$2b$12$3A4b5C6d7E8f9G0h1I2j3K4l5M6n7O8p9Q0r1S2t3U4v5W6x7Y8z9,Asia/Tokyo,2026-02-21 18:20:15,09:00,9.0,7.5,45,3.0,09:55,105,Скролінг перед сном,True,0,minutes,daily,#34495e,📱,17,45,False,"{""type"": ""every_day""}",Скролінг перед сном,230,24,2026-02-20 23:45:00,2026-02-21 02:00:00,2026-02-21 09:55:00,4,"екрани, залежність",2026-02-20 21:00:00,"{""focus"": ""digital_detox"", ""bedtime"": ""01:30""}"
f3a4b5c6-0054-4053-8053-000000000054,1,swift_creeper_1054,swift_creeper_1054@outlook.com,$2b$12$4B5c6D7e8F9g0H1i2J3k4L5m6N7o8P9q0R1s2T3u4V5w6X7y8Z9a0,Europe/London,2026-02-20 22:45:30,06:30,7.5,6.0,30,0.5,06:55,25,Вітаміни,False,2,pills,daily,#f39c12,💊,53,130,False,"{""type"": ""every_day""}",Вітаміни,425,33,2026-02-19 08:00:00,2026-02-19 23:00:00,2026-02-20 06:55:00,9,"здоров'я, імунітет",2026-02-19 16:00:00,"{""focus"": ""health"", ""bedtime"": ""22:45""}"
a4b5c6d7-0055-4054-8054-000000000055,2,energetic_wren_1055,energetic_wren_1055@yahoo.com,$2b$12$5C6d7E8f9G0h1I2j3K4l5M6n7O8p9Q0r1S2t3U4v5W6x7Y8z9A0b1,UTC,2026-02-19 13:10:40,08:30,8.2,6.8,15,1.5,09:05,50,Кава після 16:00,True,0,cups,daily,#8e44ad,☕,24,88,False,"{""type"": ""weekdays""}",Кава після 16:00,295,22,2026-02-18 16:00:00,2026-02-18 23:45:00,2026-02-19 09:05:00,6,"кофеїн, робота",2026-02-18 16:45:00,"{""focus"": ""reduce_caffeine"", ""bedtime"": ""23:30""}"
b5c6d7e8-0056-4055-8055-000000000056,1,calm_dipper_1056,calm_dipper_1056@protonmail.com,$2b$12$6D7e8F9g0H1i2J3k4L5m6N7o8P9q0R1s2T3u4V5w6X7y8Z9a0B1c2,America/Chicago,2026-02-18 16:55:25,07:00,8.0,6.5,45,0.0,07:20,0,Йога,False,30,minutes,daily,#8e44ad,🧘‍♀️,28,94,False,"{""type"": ""every_day""}",Йога,310,24,2026-02-17 17:30:00,2026-02-17 23:00:00,2026-02-18 07:20:00,9,"розтяжка, баланс",2026-02-17 15:30:00,"{""focus"": ""flexibility"", ""bedtime"": ""22:45""}"
c6d7e8f9-0057-4056-8056-000000000057,3,wise_starling_1057,wise_starling_1057@gmail.com,$2b$12$7E8f9G0h1I2j3K4l5M6n7O8p9Q0r1S2t3U4v5W6x7Y8z9A0b1C2d3,Europe/Berlin,2026-02-17 08:40:10,09:15,8.7,7.3,30,1.0,09:45,35,Солодощі,True,0,grams,daily,#f1c40f,🍩,15,38,False,"{""type"": ""every_day""}",Солодощі,140,19,2026-02-16 19:30:00,2026-02-17 01:00:00,2026-02-17 09:45:00,5,"цукор, вечір",2026-02-16 19:00:00,"{""focus"": ""reduce_sugar"", ""bedtime"": ""00:30""}"
d7e8f9a0-0058-4057-8057-000000000058,1,brave_mockingbird_1058,brave_mockingbird_1058@icloud.com,$2b$12$8F9g0H1i2J3k4L5m6N7o8P9q0R1s2T3u4V5w6X7y8Z9a0B1c2D3e4,Europe/Kyiv,2026-02-16 17:25:50,06:00,7.2,5.8,15,0.5,06:20,20,Біг,False,6,km,weekly,#e67e22,🏃,21,65,False,"{""days"": [""Tue"", ""Thu"", ""Sun""]}",Біг,82,9,2026-02-15 06:30:00,2026-02-15 23:00:00,2026-02-16 06:20:00,7,"ранок, кардіо",2026-02-15 17:00:00,"{""focus"": ""cardio"", ""bedtime"": ""22:45""}"
e8f9a0b1-0059-4058-8058-000000000059,2,swift_catbird_1059,swift_catbird_1059@outlook.com,$2b$12$9G0h1I2j3K4l5M6n7O8p9Q0r1S2t3U4v5W6x7Y8z9A0b1C2d3E4f5,America/New_York,2026-02-15 21:30:15,08:45,8.5,7.0,45,3.0,09:30,75,Фастфуд,True,0,meals,weekly,#e67e22,🍔,13,44,False,"{""type"": ""weekends""}",Фастфуд,68,10,2026-02-14 18:30:00,2026-02-15 02:00:00,2026-02-15 09:30:00,4,"вихідні, піца",2026-02-14 19:00:00,"{""focus"": ""nutrition"", ""bedtime"": ""01:30""}"
f9a0b1c2-0060-4059-8059-000000000060,3,calm_thrasher_1060,calm_thrasher_1060@yahoo.com,$2b$12$0H1i2J3k4L5m6N7o8P9q0R1s2T3u4V5w6X7y8Z9a0B1c2D3e4F5g6,Asia/Shanghai,2026-02-14 10:15:40,09:30,9.0,7.8,15,0.5,09:50,20,Медитація,False,15,minutes,daily,#9b59b6,🧘‍♂️,49,122,False,"{""type"": ""every_day""}",Медитація,420,32,2026-02-13 21:15:00,2026-02-13 23:30:00,2026-02-14 09:50:00,9,"спокій, ранок",2026-02-13 16:30:00,"{""focus"": ""mindfulness"", ""bedtime"": ""23:15""}"
a0b1c2d3-0061-4060-8060-000000000061,1,energetic_veery_1061,energetic_veery_1061@protonmail.com,$2b$12$1I2j3K4l5M6n7O8p9Q0r1S2t3U4v5W6x7Y8z9A0b1C2d3E4f5G6h7,Australia/Sydney,2026-02-13 19:50:25,07:45,8.0,6.5,30,1.0,08:15,30,Спортзал,False,1,workout,weekly,#c0392b,🏋️,35,90,False,"{""days"": [""Mon"", ""Wed"", ""Fri""]}",Спортзал,165,14,2026-02-12 17:15:00,2026-02-12 23:30:00,2026-02-13 08:15:00,8,"силові, прогрес",2026-02-12 16:30:00,"{""focus"": ""strength"", ""bedtime"": ""23:15""}"
b1c2d3e4-0062-4061-8061-000000000062,2,wise_redstart_1062,wise_redstart_1062@gmail.com,$2b$12$2J3k4L5m6N7o8P9q0R1s2T3u4V5w6X7y8Z9a0B1c2D3e4F5g6H7i8,Europe/London,2026-02-12 23:15:50,06:15,7.5,6.0,15,0.0,06:35,20,Випити воду,False,2500,ml,daily,#3498db,💧,40,100,False,"{""type"": ""every_day""}",Випити воду,215,16,2026-02-11 20:00:00,2026-02-11 23:15:00,2026-02-12 06:35:00,8,"вода, гідратація",2026-02-11 15:15:00,"{""focus"": ""hydration"", ""bedtime"": ""23:00""}"
c2d3e4f5-0063-4062-8062-000000000063,1,brave_bluethroat_1063,brave_bluethroat_1063@icloud.com,$2b$12$3K4l5M6n7O8p9Q0r1S2t3U4v5W6x7Y8z9A0b1C2d3E4f5G6h7I8j9,Asia/Tokyo,2026-02-11 15:35:20,08:00,8.5,7.0,45,0.2,08:25,15,Вивчення мови,False,20,minutes,daily,#1abc9c,🗣️,33,85,False,"{""days"": [""Mon"", ""Tue"", ""Thu""]}",Вивчення мови,250,20,2026-02-10 19:00:00,2026-02-10 23:30:00,2026-02-11 08:25:00,7,"мова, дисципліна",2026-02-10 15:30:00,"{""focus"": ""consistency"", ""bedtime"": ""23:15""}"
d3e4f5a6-0064-4063-8063-000000000064,3,calm_nightingale_1064,calm_nightingale_1064@outlook.com,$2b$12$4L5m6N7o8P9q0R1s2T3u4V5w6X7y8Z9a0B1c2D3e4F5g6H7i8J9k0,Europe/Berlin,2026-02-10 18:20:45,09:00,8.8,7.5,30,2.0,09:40,70,Скролінг перед сном,True,0,minutes,daily,#34495e,📱,19,47,False,"{""type"": ""every_day""}",Скролінг перед сном,200,22,2026-02-09 23:00:00,2026-02-10 01:30:00,2026-02-10 09:40:00,5,"екрани, пізно",2026-02-09 20:30:00,"{""focus"": ""digital_detox"", ""bedtime"": ""01:00""}"
e4f5a6b7-0065-4064-8064-000000000065,1,swift_wheatear_1065,swift_wheatear_1065@yahoo.com,$2b$12$5M6n7O8p9Q0r1S2t3U4v5W6x7Y8z9A0b1C2d3E4f5G6h7I8j9K0l1,UTC,2026-02-09 12:45:30,07:30,8.2,6.8,15,1.5,08:00,45,Прогулянка,False,8500,steps,daily,#27ae60,🚶,41,97,False,"{""type"": ""every_day""}",Прогулянка,340,26,2026-02-08 07:45:00,2026-02-08 23:30:00,2026-02-09 08:00:00,7,"ходьба, офіс",2026-02-08 16:30:00,"{""focus"": ""daily_movement"", ""bedtime"": ""23:15""}"
f5a6b7c8-0066-4065-8065-000000000066,2,energetic_chiffchaff_1066,energetic_chiffchaff_1066@protonmail.com,$2b$12$6N7o8P9q0R1s2T3u4V5w6X7y8Z9a0B1c2D3e4F5g6H7i8J9k0L1m2,America/Los_Angeles,2026-02-08 03:10:55,09:45,8.5,7.2,30,3.5,10:20,115,Фастфуд,True,0,meals,weekly,#e67e22,🍔,11,39,False,"{""type"": ""weekends""}",Фастфуд,55,7,2026-02-07 19:00:00,2026-02-08 02:30:00,2026-02-08 10:20:00,3,"вихідні, лінь",2026-02-07 21:30:00,"{""focus"": ""nutrition"", ""bedtime"": ""01:30""}"
a6b7c8d9-0067-4066-8066-000000000067,1,wise_willow_1067,wise_willow_1067@gmail.com,$2b$12$7O8p9Q0r1S2t3U4v5W6x7Y8z9A0b1C2d3E4f5G6h7I8j9K0l1M2n3,Europe/Warsaw,2026-02-07 14:25:40,06:30,7.8,6.5,45,0.8,07:00,30,Читання,False,30,pages,daily,#2ecc71,📚,37,95,False,"{""type"": ""every_day""}",Читання,260,20,2026-02-06 21:30:00,2026-02-06 23:45:00,2026-02-07 07:00:00,8,"книги, знання",2026-02-06 16:45:00,"{""focus"": ""knowledge"", ""bedtime"": ""23:30""}"
b7c8d9e0-0068-4067-8067-000000000068,3,brave_warbler_1068,brave_warbler_1068@icloud.com,$2b$12$8P9q0R1s2T3u4V5w6X7y8Z9a0B1c2D3e4F5g6H7i8J9k0L1m2N3o4,America/Chicago,2026-02-06 17:50:15,08:15,8.0,6.5,30,0.5,08:40,20,Вітаміни,False,2,pills,daily,#f39c12,💊,56,135,False,"{""type"": ""every_day""}",Вітаміни,440,34,2026-02-05 08:15:00,2026-02-05 23:15:00,2026-02-06 08:40:00,9,"здоров'я, добавки",2026-02-05 16:15:00,"{""focus"": ""health"", ""bedtime"": ""23:00""}"
c8d9e0f1-0069-4068-8068-000000000069,1,calm_accentor_1069,calm_accentor_1069@outlook.com,$2b$12$9Q0r1S2t3U4v5W6x7Y8z9A0b1C2d3E4f5G6h7I8j9K0l1M2n3O4p5,Europe/Kyiv,2026-02-05 20:30:35,09:15,9.0,7.5,15,1.0,09:40,35,Кава після 16:00,True,0,cups,daily,#8e44ad,☕,26,95,False,"{""type"": ""weekdays""}",Кава після 16:00,320,24,2026-02-04 16:30:00,2026-02-04 23:45:00,2026-02-05 09:40:00,6,"кава, звичка",2026-02-04 17:45:00,"{""focus"": ""reduce_caffeine"", ""bedtime"": ""23:30""}"
d9e0f1a2-0070-4069-8069-000000000070,2,swift_flycatcher_1070,swift_flycatcher_1070@yahoo.com,$2b$12$0R1s2T3u4V5w6X7y8Z9a0B1c2D3e4F5g6H7i8J9k0L1m2N3o4P5q6,Asia/Shanghai,2026-02-04 09:15:50,07:00,7.5,6.0,30,0.0,07:20,20,Біг,False,7,km,weekly,#e67e22,🏃,24,70,False,"{""days"": [""Mon"", ""Wed"", ""Sat""]}",Біг,88,10,2026-02-03 06:15:00,2026-02-03 23:00:00,2026-02-04 07:20:00,8,"ранок, витривалість",2026-02-03 17:00:00,"{""focus"": ""cardio"", ""bedtime"": ""22:45""}"
e0f1a2b3-0071-4070-8070-000000000071,1,energetic_redpoll_1071,energetic_redpoll_1071@protonmail.com,$2b$12$1S2t3U4v5W6x7Y8z9A0b1C2d3E4f5G6h7I8j9K0l1M2n3O4p5Q6r7,Australia/Sydney,2026-02-03 22:40:25,08:30,8.5,7.0,45,1.5,09:05,45,Солодощі,True,0,grams,daily,#f1c40f,🍩,10,41,False,"{""type"": ""every_day""}",Солодощі,150,21,2026-02-02 19:30:00,2026-02-03 01:15:00,2026-02-03 09:05:00,5,"десерт, ніч",2026-02-02 19:15:00,"{""focus"": ""reduce_sugar"", ""bedtime"": ""00:45""}"
f1a2b3c4-0072-4071-8071-000000000072,3,wise_siskin_1072,wise_siskin_1072@gmail.com,$2b$12$2T3u4V5w6X7y8Z9a0B1c2D3e4F5g6H7i8J9k0L1m2N3o4P5q6R7s8,Europe/London,2026-02-02 13:55:30,06:45,7.2,6.0,15,0.5,07:10,25,Йога,False,25,minutes,daily,#8e44ad,🧘‍♀️,30,88,False,"{""type"": ""every_day""}",Йога,280,22,2026-02-01 17:30:00,2026-02-01 23:00:00,2026-02-02 07:10:00,8,"розтяжка, вечір",2026-02-01 15:30:00,"{""focus"": ""flexibility"", ""bedtime"": ""22:45""}"
a2b3c4d5-0073-4072-8072-000000000073,1,brave_goldfinch_1073,brave_goldfinch_1073@icloud.com,$2b$12$3U4v5W6x7Y8z9A0b1C2d3E4f5G6h7I8j9K0l1M2n3O4p5Q6r7S8t9,Asia/Tokyo,2026-02-01 16:20:45,09:30,9.0,7.8,30,3.0,10:15,115,Скролінг перед сном,True,0,minutes,daily,#34495e,📱,21,49,False,"{""type"": ""every_day""}",Скролінг перед сном,245,25,2026-01-31 23:30:00,2026-02-01 02:00:00,2026-02-01 10:15:00,4,"соцмережі, ніч",2026-01-31 21:00:00,"{""focus"": ""digital_detox"", ""bedtime"": ""01:30""}"
b3c4d5e6-0074-4073-8073-000000000074,2,calm_bullfinch_1074,calm_bullfinch_1074@outlook.com,$2b$12$4V5w6X7y8Z9a0B1c2D3e4F5g6H7i8J9k0L1m2N3o4P5q6R7s8T9u0,Europe/Berlin,2026-01-31 19:45:10,08:00,8.0,6.5,45,0.2,08:20,0,Медитація,False,10,minutes,daily,#9b59b6,🧘‍♂️,52,128,False,"{""type"": ""every_day""}",Медитація,445,35,2026-01-30 21:15:00,2026-01-30 23:00:00,2026-01-31 08:20:00,10,"спокій, ранок",2026-01-30 16:00:00,"{""focus"": ""mindfulness"", ""bedtime"": ""22:45""}"
c4d5e6f7-0075-4074-8074-000000000075,1,swift_greenfinch_1075,swift_greenfinch_1075@yahoo.com,$2b$12$5W6x7Y8z9A0b1C2d3E4f5G6h7I8j9K0l1M2n3O4p5Q6r7S8t9U0v1,UTC,2026-01-30 11:30:55,07:15,8.2,6.8,15,1.0,07:45,35,Випити воду,False,2000,ml,daily,#3498db,💧,43,108,False,"{""type"": ""every_day""}",Випити воду,230,18,2026-01-29 20:30:00,2026-01-29 23:30:00,2026-01-30 07:45:00,8,"вода, офіс",2026-01-29 16:30:00,"{""focus"": ""hydration"", ""bedtime"": ""23:15""}"
d5e6f7a8-0076-4075-8075-000000000076,3,energetic_chaffinch_1076,energetic_chaffinch_1076@protonmail.com,$2b$12$6X7y8Z9a0B1c2D3e4F5g6H7i8J9k0L1m2N3o4P5q6R7s8T9u0V1w2,America/New_York,2026-01-29 17:15:30,09:00,8.5,7.0,30,2.0,09:35,60,Фастфуд,True,0,meals,weekly,#e67e22,🍔,16,42,False,"{""type"": ""weekends""}",Фастфуд,72,11,2026-01-28 18:30:00,2026-01-29 01:45:00,2026-01-29 09:35:00,5,"фастфуд, вихідні",2026-01-28 20:15:00,"{""focus"": ""nutrition"", ""bedtime"": ""01:15""}"
e6f7a8b9-0077-4076-8076-000000000077,1,wise_brambling_1077,wise_brambling_1077@gmail.com,$2b$12$7Y8z9A0b1C2d3E4f5G6h7I8j9K0l1M2n3O4p5Q6r7S8t9U0v1W2x3,Australia/Sydney,2026-01-28 21:40:20,06:00,7.5,6.2,30,0.0,06:25,25,Спортзал,False,1,workout,weekly,#c0392b,🏋️,38,98,False,"{""days"": [""Mon"", ""Thu"", ""Sat""]}",Спортзал,175,15,2026-01-27 17:00:00,2026-01-27 23:30:00,2026-01-28 06:25:00,8,"силові, ранок",2026-01-27 16:30:00,"{""focus"": ""strength"", ""bedtime"": ""23:15""}"
f7a8b9c0-0078-4077-8077-000000000078,2,brave_siskin_1078,brave_siskin_1078@icloud.com,$2b$12$8Z9a0B1c2D3e4F5g6H7i8J9k0L1m2N3o4P5q6R7s8T9u0V1w2X3y4,Europe/Kyiv,2026-01-27 14:55:45,08:45,8.8,7.5,45,1.5,09:20,45,Кава після 16:00,True,0,cups,daily,#8e44ad,☕,28,102,False,"{""type"": ""weekdays""}",Кава після 16:00,340,26,2026-01-26 16:00:00,2026-01-26 23:30:00,2026-01-27 09:20:00,6,"кофеїн, робота",2026-01-26 17:30:00,"{""focus"": ""reduce_caffeine"", ""bedtime"": ""23:15""}"
a8b9c0d1-0079-4078-8078-000000000079,1,calm_serin_1079,calm_serin_1079@outlook.com,$2b$12$9A0b1C2d3E4f5G6h7I8j9K0l1M2n3O4p5Q6r7S8t9U0v1W2x3Y4z5,Asia/Shanghai,2026-01-26 18:10:35,07:30,8.0,6.5,15,0.5,07:55,25,Прогулянка,False,11500,steps,daily,#27ae60,🚶,45,110,False,"{""type"": ""every_day""}",Прогулянка,365,28,2026-01-25 07:30:00,2026-01-25 23:15:00,2026-01-26 07:55:00,8,"ходьба, парк",2026-01-25 16:15:00,"{""focus"": ""daily_movement"", ""bedtime"": ""23:00""}"
b9c0d1e2-0080-4079-8079-000000000080,3,swift_crossbill_1080,swift_crossbill_1080@yahoo.com,$2b$12$0B1c2D3e4F5g6H7i8J9k0L1m2N3o4P5q6R7s8T9u0V1w2X3y4Z5a6,Europe/London,2026-01-25 22:25:50,09:15,9.0,7.5,30,3.0,10:00,105,Солодощі,True,0,grams,daily,#f1c40f,🍩,14,43,False,"{""type"": ""every_day""}",Солодощі,155,22,2026-01-24 19:30:00,2026-01-25 01:30:00,2026-01-25 10:00:00,5,"цукор, вечір",2026-01-24 19:30:00,"{""focus"": ""reduce_sugar"", ""bedtime"": ""01:00""}"
c0d1e2f3-0081-4080-8080-000000000081,1,energetic_snowfinch_1081,energetic_snowfinch_1081@protonmail.com,$2b$12$1C2d3E4f5G6h7I8j9K0l1M2n3O4p5Q6r7S8t9U0v1W2x3Y4z5A6b7,America/Los_Angeles,2026-01-24 15:50:15,06:30,7.8,6.5,15,1.0,07:00,30,Біг,False,5,km,weekly,#e67e22,🏃,26,75,False,"{""days"": [""Tue"", ""Fri""]}",Біг,92,10,2026-01-23 06:30:00,2026-01-23 23:00:00,2026-01-24 07:00:00,8,"ранок, кардіо",2026-01-23 17:00:00,"{""focus"": ""cardio"", ""bedtime"": ""22:45""}"
d1e2f3a4-0082-4081-8081-000000000082,2,wise_rockfinch_1082,wise_rockfinch_1082@gmail.com,$2b$12$2D3e4F5g6H7i8J9k0L1m2N3o4P5q6R7s8T9u0V1w2X3y4Z5a6B7c8,Asia/Tokyo,2026-01-23 19:30:40,08:00,8.5,7.0,45,0.0,08:25,0,Вивчення мови,False,30,minutes,daily,#1abc9c,🗣️,36,92,False,"{""days"": [""Mon"", ""Wed"", ""Fri""]}",Вивчення мови,270,22,2026-01-22 19:00:00,2026-01-22 23:45:00,2026-01-23 08:25:00,7,"мова, вечір",2026-01-22 15:45:00,"{""focus"": ""consistency"", ""bedtime"": ""23:30""}"
e2f3a4b5-0083-4082-8082-000000000083,1,brave_rosyfinch_1083,brave_rosyfinch_1083@icloud.com,$2b$12$3E4f5G6h7I8j9K0l1M2n3O4p5Q6r7S8t9U0v1W2x3Y4z5A6b7C8d9,Europe/Berlin,2026-01-22 11:45:25,09:30,9.0,7.8,30,2.0,10:10,70,Скролінг перед сном,True,0,minutes,daily,#34495e,📱,23,52,False,"{""type"": ""every_day""}",Скролінг перед сном,260,26,2026-01-21 23:00:00,2026-01-22 01:45:00,2026-01-22 10:10:00,4,"телефон, ніч",2026-01-21 20:45:00,"{""focus"": ""digital_detox"", ""bedtime"": ""01:15""}"
f3a4b5c6-0084-4083-8083-000000000084,3,calm_bunting_1084,calm_bunting_1084@outlook.com,$2b$12$4F5g6H7i8J9k0L1m2N3o4P5q6R7s8T9u0V1w2X3y4Z5a6B7c8D9e0,Europe/Kyiv,2026-01-21 16:30:55,06:15,7.2,5.8,15,0.5,06:35,20,Вітаміни,False,1,pill,daily,#f39c12,💊,58,140,False,"{""type"": ""every_day""}",Вітаміни,455,36,2026-01-20 08:00:00,2026-01-20 23:00:00,2026-01-21 06:35:00,9,"здоров'я, регулярність",2026-01-20 16:00:00,"{""focus"": ""health"", ""bedtime"": ""22:45""}"
a4b5c6d7-0085-4084-8084-000000000085,1,swift_longspur_1085,swift_longspur_1085@yahoo.com,$2b$12$5G6h7I8j9K0l1M2n3O4p5Q6r7S8t9U0v1W2x3Y4z5A6b7C8d9E0f1,UTC,2026-01-20 20:15:30,08:15,8.2,6.8,30,1.5,08:50,40,Читання,False,35,pages,daily,#2ecc71,📚,34,91,False,"{""type"": ""every_day""}",Читання,275,21,2026-01-19 21:30:00,2026-01-19 23:30:00,2026-01-20 08:50:00,8,"література, вечір",2026-01-19 16:30:00,"{""focus"": ""knowledge"", ""bedtime"": ""23:15""}"
b5c6d7e8-0086-4085-8085-000000000086,2,energetic_snowbird_1086,energetic_snowbird_1086@protonmail.com,$2b$12$6H7i8J9k0L1m2N3o4P5q6R7s8T9u0V1w2X3y4Z5a6B7c8D9e0F1g2,America/Chicago,2026-01-19 13:40:50,09:00,8.5,7.0,45,2.5,09:45,70,Фастфуд,True,0,meals,weekly,#e67e22,🍔,19,46,False,"{""type"": ""weekends""}",Фастфуд,78,12,2026-01-18 18:00:00,2026-01-19 02:00:00,2026-01-19 09:45:00,4,"вихідні, бургери",2026-01-18 20:00:00,"{""focus"": ""nutrition"", ""bedtime"": ""01:30""}"
c6d7e8f9-0087-4086-8086-000000000087,1,wise_junco_1087,wise_junco_1087@gmail.com,$2b$12$7I8j9K0l1M2n3O4p5Q6r7S8t9U0v1W2x3Y4z5A6b7C8d9E0f1G2h3,Australia/Sydney,2026-01-18 17:05:25,07:45,7.5,6.0,15,0.2,08:10,25,Йога,False,20,minutes,daily,#8e44ad,🧘‍♀️,32,86,False,"{""type"": ""every_day""}",Йога,300,23,2026-01-17 17:45:00,2026-01-17 23:15:00,2026-01-18 08:10:00,8,"розтяжка, гнучкість",2026-01-17 15:15:00,"{""focus"": ""flexibility"", ""bedtime"": ""23:00""}"
d7e8f9a0-0088-4087-8087-000000000088,3,brave_towhee_1088,brave_towhee_1088@icloud.com,$2b$12$8J9k0L1m2N3o4P5q6R7s8T9u0V1w2X3y4Z5a6B7c8D9e0F1g2H3i4,Asia/Shanghai,2026-01-17 21:30:15,06:00,7.0,5.5,30,0.0,06:20,20,Енергетики,True,0,cans,daily,#2980b9,⚡,6,22,False,"{""type"": ""weekdays""}",Енергетики,100,13,2026-01-16 22:00:00,2026-01-17 00:00:00,2026-01-17 06:20:00,4,"стимулятори, робота",2026-01-16 18:00:00,"{""focus"": ""reduce_stimulants"", ""bedtime"": ""23:30""}"
e8f9a0b1-0089-4088-8088-000000000089,1,calm_sparrow_1089,calm_sparrow_1089@outlook.com,$2b$12$9K0l1M2n3O4p5Q6r7S8t9U0v1W2x3Y4z5A6b7C8d9E0f1G2h3I4j5,Europe/London,2026-01-16 10:55:40,08:30,8.8,7.5,45,1.0,09:00,30,Медитація,False,20,minutes,daily,#9b59b6,🧘‍♂️,55,132,False,"{""type"": ""every_day""}",Медитація,460,37,2026-01-15 21:00:00,2026-01-15 23:15:00,2026-01-16 09:00:00,10,"спокій, усвідомленість",2026-01-15 16:15:00,"{""focus"": ""mindfulness"", ""bedtime"": ""23:00""}"
f9a0b1c2-0090-4089-8089-000000000090,2,swift_wagtail_1090,swift_wagtail_1090@yahoo.com,$2b$12$0L1m2N3o4P5q6R7s8T9u0V1w2X3y4Z5a6B7c8D9e0F1g2H3i4J5k6,Europe/Berlin,2026-01-15 15:20:35,07:00,8.0,6.5,15,0.5,07:25,25,Випити воду,False,2000,ml,daily,#3498db,💧,46,112,False,"{""type"": ""every_day""}",Випити воду,250,19,2026-01-14 20:00:00,2026-01-14 23:00:00,2026-01-15 07:25:00,8,"вода, гідратація",2026-01-14 16:00:00,"{""focus"": ""hydration"", ""bedtime"": ""22:45""}"
a0b1c2d3-0091-4090-8090-000000000091,3,energetic_pipit_1091,energetic_pipit_1091@protonmail.com,$2b$12$1M2n3O4p5Q6r7S8t9U0v1W2x3Y4z5A6b7C8d9E0f1G2h3I4j5K6l7,America/New_York,2026-01-14 18:45:50,09:15,8.7,7.3,30,3.0,10:05,90,Скролінг перед сном,True,0,minutes,daily,#34495e,📱,25,55,False,"{""type"": ""every_day""}",Скролінг перед сном,275,27,2026-01-13 23:30:00,2026-01-14 02:15:00,2026-01-14 10:05:00,4,"екрани, залежність",2026-01-13 21:15:00,"{""focus"": ""digital_detox"", ""bedtime"": ""01:30""}"
b1c2d3e4-0092-4091-8091-000000000092,1,wise_lark_1092,wise_lark_1092@gmail.com,$2b$12$2N3o4P5q6R7s8T9u0V1w2X3y4Z5a6B7c8D9e0F1g2H3i4J5k6L7m8,Europe/Kyiv,2026-01-13 22:10:25,06:30,7.5,6.2,15,0.0,06:50,20,Прогулянка,False,9500,steps,daily,#27ae60,🚶,48,115,False,"{""type"": ""every_day""}",Прогулянка,375,29,2026-01-12 07:30:00,2026-01-12 23:15:00,2026-01-13 06:50:00,8,"ходьба, свіже повітря",2026-01-12 16:15:00,"{""focus"": ""daily_movement"", ""bedtime"": ""23:00""}"
c2d3e4f5-0093-4092-8092-000000000093,2,brave_skylark_1093,brave_skylark_1093@icloud.com,$2b$12$3O4p5Q6r7S8t9U0v1W2x3Y4z5A6b7C8d9E0f1G2h3I4j5K6l7M8n9,Asia/Tokyo,2026-01-12 14:35:50,08:45,8.5,7.0,45,1.5,09:20,45,Кава після 16:00,True,0,cups,daily,#8e44ad,☕,30,105,False,"{""type"": ""weekdays""}",Кава після 16:00,350,27,2026-01-11 16:00:00,2026-01-11 23:30:00,2026-01-12 09:20:00,6,"кава, офіс",2026-01-11 17:30:00,"{""focus"": ""reduce_caffeine"", ""bedtime"": ""23:15""}"
d3e4f5a6-0094-4093-8093-000000000094,1,calm_woodlark_1094,calm_woodlark_1094@outlook.com,$2b$12$4P5q6R7s8T9u0V1w2X3y4Z5a6B7c8D9e0F1g2H3i4J5k6L7m8N9o0,UTC,2026-01-11 17:00:30,09:30,9.0,7.8,30,2.0,10:15,70,Солодощі,True,0,grams,daily,#f1c40f,🍩,17,44,False,"{""type"": ""every_day""}",Солодощі,160,23,2026-01-10 19:00:00,2026-01-11 01:30:00,2026-01-11 10:15:00,5,"цукор, ніч",2026-01-10 19:30:00,"{""focus"": ""reduce_sugar"", ""bedtime"": ""01:00""}"
e4f5a6b7-0095-4094-8094-000000000095,3,swift_shorelark_1095,swift_shorelark_1095@yahoo.com,$2b$12$5Q6r7S8t9U0v1W2x3Y4z5A6b7C8d9E0f1G2h3I4j5K6l7M8n9O0p1,Australia/Sydney,2026-01-10 19:25:55,06:15,7.8,6.5,15,1.0,06:45,30,Спортзал,False,1,workout,weekly,#c0392b,🏋️,41,103,False,"{""days"": [""Mon"", ""Wed"", ""Fri""]}",Спортзал,185,16,2026-01-09 17:00:00,2026-01-09 23:30:00,2026-01-10 06:45:00,8,"силові, ранок",2026-01-09 16:30:00,"{""focus"": ""strength"", ""bedtime"": ""23:15""}"
f5a6b7c8-0096-4095-8095-000000000096,1,energetic_swallow_1096,energetic_swallow_1096@protonmail.com,$2b$12$6R7s8T9u0V1w2X3y4Z5a6B7c8D9e0F1g2H3i4J5k6L7m8N9o0P1q2,America/Los_Angeles,2026-01-09 23:50:20,07:30,8.2,6.8,30,3.5,08:15,75,Фастфуд,True,0,meals,weekly,#e67e22,🍔,14,40,False,"{""type"": ""weekends""}",Фастфуд,62,9,2026-01-08 19:00:00,2026-01-09 02:30:00,2026-01-09 08:15:00,4,"вихідні, піца",2026-01-08 21:00:00,"{""focus"": ""nutrition"", ""bedtime"": ""01:30""}"
a6b7c8d9-0097-4096-8096-000000000097,2,wise_martin_1097,wise_martin_1097@gmail.com,$2b$12$7S8t9U0v1W2x3Y4z5A6b7C8d9E0f1G2h3I4j5K6l7M8n9O0p1Q2r3,Europe/London,2026-01-08 15:45:35,08:00,8.5,7.0,45,0.5,08:25,0,Вітаміни,False,2,pills,daily,#f39c12,💊,60,145,False,"{""type"": ""every_day""}",Вітаміни,470,38,2026-01-07 08:00:00,2026-01-07 23:00:00,2026-01-08 08:25:00,9,"здоров'я, імунітет",2026-01-07 16:00:00,"{""focus"": ""health"", ""bedtime"": ""22:45""}"
b7c8d9e0-0098-4097-8097-000000000098,1,brave_swift_1098,brave_swift_1098@icloud.com,$2b$12$8T9u0V1w2X3y4Z5a6B7c8D9e0F1g2H3i4J5k6L7m8N9o0P1q2R3s4,Asia/Shanghai,2026-01-07 18:30:10,06:45,7.5,6.0,15,0.0,07:10,25,Біг,False,6,km,weekly,#e67e22,🏃,29,80,False,"{""days"": [""Tue"", ""Thu"", ""Sun""]}",Біг,98,11,2026-01-06 06:30:00,2026-01-06 23:00:00,2026-01-07 07:10:00,7,"ранок, кардіо",2026-01-06 17:00:00,"{""focus"": ""cardio"", ""bedtime"": ""22:45""}"
c8d9e0f1-0099-4098-8098-000000000099,3,calm_needletail_1099,calm_needletail_1099@outlook.com,$2b$12$9U0v1W2x3Y4z5A6b7C8d9E0f1G2h3I4j5K6l7M8n9O0p1Q2r3S4t5,Europe/Berlin,2026-01-06 21:15:45,09:00,8.8,7.5,30,1.0,09:30,35,Вивчення мови,False,25,minutes,daily,#1abc9c,🗣️,39,97,False,"{""days"": [""Mon"", ""Wed"", ""Fri""]}",Вивчення мови,290,23,2026-01-05 19:00:00,2026-01-05 23:30:00,2026-01-06 09:30:00,7,"мова, вечір",2026-01-05 15:30:00,"{""focus"": ""consistency"", ""bedtime"": ""23:15""}"
d9e0f1a2-0100-4099-8099-000000000100,1,swift_palmswift_1100,swift_palmswift_1100@yahoo.com,$2b$12$0V1w2X3y4Z5a6B7c8D9e0F1g2H3i4J5k6L7m8N9o0P1q2R3s4T5u6,Europe/Kyiv,2026-01-05 13:10:30,07:15,8.0,6.5,30,1.5,07:45,30,Читання,False,40,pages,daily,#2ecc71,📚,39,98,False,"{""type"": ""every_day""}",Читання,295,22,2026-01-04 21:30:00,2026-01-04 23:45:00,2026-01-05 07:45:00,8,"книги, саморозвиток",2026-01-04 16:45:00,"{""focus"": ""knowledge"", ""bedtime"": ""23:30""}"
e0f1a2b3-0101-4100-8100-000000000101,2,calm_oriole_1101,calm_oriole_1101@protonmail.com,$2b$12$1W2x3Y4z5A6b7C8d9E0f1G2h3I4j5K6l7M8n9O0p1Q2r3S4t5U6v7,America/Chicago,2026-01-04 16:35:40,08:30,8.5,7.0,15,0.2,08:50,20,Медитація,False,15,minutes,daily,#9b59b6,🧘‍♂️,58,135,False,"{""type"": ""every_day""}",Медитація,480,39,2026-01-03 21:00:00,2026-01-03 23:15:00,2026-01-04 08:50:00,10,"спокій, ранок",2026-01-03 16:15:00,"{""focus"": ""mindfulness"", ""bedtime"": ""23:00""}"
f1a2b3c4-0102-4101-8101-000000000102,1,swift_wagtail_1102,swift_wagtail_1102@gmail.com,$2b$12$2X3y4Z5a6B7c8D9e0F1g2H3i4J5k6L7m8N9o0P1q2R3s4T5u6V7w8,Europe/Kyiv,2026-01-03 19:50:15,07:00,8.0,6.5,30,1.0,07:25,25,Випити воду,False,2500,ml,daily,#3498db,💧,49,118,False,"{""type"": ""every_day""}",Випити воду,265,20,2026-01-02 20:30:00,2026-01-02 23:00:00,2026-01-03 07:25:00,8,"вода, гідратація",2026-01-02 16:00:00,"{""focus"": ""hydration"", ""bedtime"": ""22:45""}"
a2b3c4d5-0103-4102-8102-000000000103,3,brave_drongo_1103,brave_drongo_1103@outlook.com,$2b$12$3Y4z5A6b7C8d9E0f1G2h3I4j5K6l7M8n9O0p1Q2r3S4t5U6v7W8x9,Asia/Tokyo,2026-01-02 11:15:25,09:15,9.0,7.5,45,3.0,10:00,115,Скролінг перед сном,True,0,minutes,daily,#34495e,📱,27,58,False,"{""type"": ""every_day""}",Скролінг перед сном,290,28,2026-01-01 23:30:00,2026-01-02 02:00:00,2026-01-02 10:00:00,4,"телефон, ніч",2026-01-01 21:00:00,"{""focus"": ""digital_detox"", ""bedtime"": ""01:30""}"
b3c4d5e6-0104-4103-8103-000000000104,1,wise_bulbul_1104,wise_bulbul_1104@protonmail.com,$2b$12$4Z5a6B7c8D9e0F1g2H3i4J5k6L7m8N9o0P1q2R3s4T5u6V7w8X9y0,Australia/Sydney,2026-01-01 14:40:50,06:30,7.5,6.0,15,0.5,06:55,25,Прогулянка,False,10000,steps,daily,#27ae60,🚶,50,120,False,"{""type"": ""every_day""}",Прогулянка,385,30,2025-12-31 07:30:00,2025-12-31 23:15:00,2026-01-01 06:55:00,8,"ходьба, парк",2025-12-31 16:15:00,"{""focus"": ""daily_movement"", ""bedtime"": ""23:00""}"
c4d5e6f7-0105-4104-8104-000000000105,2,energetic_robin_1105,energetic_robin_1105@icloud.com,$2b$12$5A6b7C8d9E0f1G2h3I4j5K6l7M8n9O0p1Q2r3S4t5U6v7W8x9Y0z1,Europe/Berlin,2025-12-31 17:55:30,08:00,8.2,6.8,30,1.5,08:35,45,Кава після 16:00,True,0,cups,daily,#8e44ad,☕,32,110,False,"{""type"": ""weekdays""}",Кава після 16:00,360,28,2025-12-30 16:00:00,2025-12-30 23:45:00,2025-12-31 08:35:00,6,"кофеїн, робота",2025-12-30 17:45:00,"{""focus"": ""reduce_caffeine"", ""bedtime"": ""23:30""}"
d5e6f7a8-0106-4105-8105-000000000106,1,calm_wren_1106,calm_wren_1106@yahoo.com,$2b$12$6B7c8D9e0F1g2H3i4J5k6L7m8N9o0P1q2R3s4T5u6V7w8X9y0Z1a2,UTC,2025-12-30 09:20:15,09:30,9.0,7.8,15,2.0,10:15,75,Солодощі,True,0,grams,daily,#f1c40f,🍩,19,46,False,"{""type"": ""every_day""}",Солодощі,165,24,2025-12-29 19:30:00,2025-12-30 01:30:00,2025-12-30 10:15:00,5,"цукор, вечір",2025-12-29 19:30:00,"{""focus"": ""reduce_sugar"", ""bedtime"": ""01:00""}"
e6f7a8b9-0107-4106-8106-000000000107,3,swift_sparrow_1107,swift_sparrow_1107@gmail.com,$2b$12$7C8d9E0f1G2h3I4j5K6l7M8n9O0p1Q2r3S4t5U6v7W8x9Y0z1A2b3,Europe/London,2025-12-29 22:45:50,06:15,7.2,5.8,30,0.0,06:35,20,Біг,False,5,km,weekly,#e67e22,🏃,31,82,False,"{""days"": [""Mon"", ""Fri""]}",Біг,102,12,2025-12-28 06:30:00,2025-12-28 23:00:00,2025-12-29 06:35:00,7,"ранок, кардіо",2025-12-28 17:00:00,"{""focus"": ""cardio"", ""bedtime"": ""22:45""}"
f7a8b9c0-0108-4107-8107-000000000108,1,brave_starling_1108,brave_starling_1108@protonmail.com,$2b$12$8D9e0F1g2H3i4J5k6L7m8N9o0P1q2R3s4T5u6V7w8X9y0Z1a2B3c4,Asia/Shanghai,2025-12-28 15:10:35,08:45,8.5,7.0,45,0.5,09:10,25,Читання,False,25,pages,daily,#2ecc71,📚,41,100,False,"{""type"": ""every_day""}",Читання,310,24,2025-12-27 21:45:00,2025-12-27 23:30:00,2025-12-28 09:10:00,8,"книги, знання",2025-12-27 16:30:00,"{""focus"": ""knowledge"", ""bedtime"": ""23:15""}"
a8b9c0d1-0109-4108-8108-000000000109,2,wise_thrush_1109,wise_thrush_1109@outlook.com,$2b$12$9E0f1G2h3I4j5K6l7M8n9O0p1Q2r3S4t5U6v7W8x9Y0z1A2b3C4d5,America/New_York,2025-12-27 19:35:40,07:30,8.0,6.5,15,1.0,08:00,30,Вітаміни,False,2,pills,daily,#f39c12,💊,62,148,False,"{""type"": ""every_day""}",Вітаміни,485,40,2025-12-26 08:00:00,2025-12-26 23:00:00,2025-12-27 08:00:00,9,"здоров'я, імунітет",2025-12-26 16:00:00,"{""focus"": ""health"", ""bedtime"": ""22:45""}"
b9c0d1e2-0110-4109-8109-000000000110,1,calm_flycatcher_1110,calm_flycatcher_1110@icloud.com,$2b$12$0F1g2H3i4J5k6L7m8N9o0P1q2R3s4T5u6V7w8X9y0Z1a2B3c4D5e6,Australia/Sydney,2025-12-26 11:50:25,09:00,8.8,7.5,30,3.0,09:50,90,Фастфуд,True,0,meals,weekly,#e67e22,🍔,16,43,False,"{""type"": ""weekends""}",Фастфуд,68,10,2025-12-25 18:30:00,2025-12-26 02:00:00,2025-12-26 09:50:00,4,"вихідні, бургери",2025-12-25 20:00:00,"{""focus"": ""nutrition"", ""bedtime"": ""01:30""}"
c0d1e2f3-0111-4110-8110-000000000111,3,swift_martin_1111,swift_martin_1111@yahoo.com,$2b$12$1G2h3I4j5K6l7M8n9O0p1Q2r3S4t5U6v7W8x9Y0z1A2b3C4d5E6f7,Europe/Kyiv,2025-12-25 16:25:50,06:45,7.5,6.2,15,0.2,07:10,25,Йога,False,30,minutes,daily,#8e44ad,🧘‍♀️,34,89,False,"{""type"": ""every_day""}",Йога,320,25,2025-12-24 17:30:00,2025-12-24 23:00:00,2025-12-25 07:10:00,8,"розтяжка, гнучкість",2025-12-24 15:30:00,"{""focus"": ""flexibility"", ""bedtime"": ""22:45""}"
d1e2f3a4-0112-4111-8111-000000000112,1,energetic_creeper_1112,energetic_creeper_1112@protonmail.com,$2b$12$2H3i4J5k6L7m8N9o0P1q2R3s4T5u6V7w8X9y0Z1a2B3c4D5e6F7g8,Asia/Tokyo,2025-12-24 20:50:15,08:15,8.0,6.5,30,0.5,08:40,25,Спортзал,False,1,workout,weekly,#c0392b,🏋️,43,106,False,"{""days"": [""Mon"", ""Wed"", ""Fri""]}",Спортзал,195,17,2025-12-23 17:00:00,2025-12-23 23:30:00,2025-12-24 08:40:00,8,"силові, прогрес",2025-12-23 16:30:00,"{""focus"": ""strength"", ""bedtime"": ""23:15""}"
e2f3a4b5-0113-4112-8112-000000000113,2,wise_tit_1113,wise_tit_1113@gmail.com,$2b$12$3I4j5K6l7M8n9O0p1Q2r3S4t5U6v7W8x9Y0z1A2b3C4d5E6f7G8h9,Europe/Berlin,2025-12-23 13:15:40,09:15,9.0,7.5,45,1.0,09:45,35,Медитація,False,10,minutes,daily,#9b59b6,🧘‍♂️,61,138,False,"{""type"": ""every_day""}",Медитація,500,41,2025-12-22 21:00:00,2025-12-22 23:15:00,2025-12-23 09:45:00,10,"спокій, ранок",2025-12-22 16:15:00,"{""focus"": ""mindfulness"", ""bedtime"": ""23:00""}"
f3a4b5c6-0114-4113-8113-000000000114,1,brave_nuthatch_1114,brave_nuthatch_1114@outlook.com,$2b$12$4J5k6L7m8N9o0P1q2R3s4T5u6V7w8X9y0Z1a2B3c4D5e6F7g8H9i0,UTC,2025-12-22 17:40:55,07:00,8.2,6.8,15,0.0,07:25,25,Випити воду,False,2000,ml,daily,#3498db,💧,52,122,False,"{""type"": ""every_day""}",Випити воду,280,21,2025-12-21 20:00:00,2025-12-21 23:15:00,2025-12-22 07:25:00,8,"вода, офіс",2025-12-21 16:15:00,"{""focus"": ""hydration"", ""bedtime"": ""23:00""}"
a4b5c6d7-0115-4114-8114-000000000115,3,calm_dipper_1115,calm_dipper_1115@icloud.com,$2b$12$5K6l7M8n9O0p1Q2r3S4t5U6v7W8x9Y0z1A2b3C4d5E6f7G8h9I0j1,America/Chicago,2025-12-21 21:05:30,08:30,8.5,7.0,30,2.5,09:10,65,Скролінг перед сном,True,0,minutes,daily,#34495e,📱,29,61,False,"{""type"": ""every_day""}",Скролінг перед сном,305,29,2025-12-20 23:00:00,2025-12-21 01:45:00,2025-12-21 09:10:00,4,"екрани, залежність",2025-12-20 20:45:00,"{""focus"": ""digital_detox"", ""bedtime"": ""01:15""}"
b5c6d7e8-0116-4115-8115-000000000116,1,swift_redstart_1116,swift_redstart_1116@yahoo.com,$2b$12$6L7m8N9o0P1q2R3s4T5u6V7w8X9y0Z1a2B3c4D5e6F7g8H9i0J1k2,Europe/London,2025-12-20 14:30:25,06:00,7.0,5.5,15,0.5,06:20,20,Енергетики,True,0,cans,daily,#2980b9,⚡,7,24,False,"{""type"": ""weekdays""}",Енергетики,110,14,2025-12-19 22:00:00,2025-12-20 00:00:00,2025-12-20 06:20:00,4,"стимулятори, втома",2025-12-19 18:00:00,"{""focus"": ""reduce_stimulants"", ""bedtime"": ""23:30""}"
c6d7e8f9-0117-4116-8116-000000000117,2,wise_wagtail_1117,wise_wagtail_1117@protonmail.com,$2b$12$7M8n9O0p1Q2r3S4t5U6v7W8x9Y0z1A2b3C4d5E6f7G8h9I0j1K2l3,Australia/Sydney,2025-12-19 18:55:50,07:45,8.0,6.5,30,1.5,08:20,45,Кава після 16:00,True,0,cups,daily,#8e44ad,☕,34,115,False,"{""type"": ""weekdays""}",Кава після 16:00,375,29,2025-12-18 16:00:00,2025-12-18 23:45:00,2025-12-19 08:20:00,6,"кофеїн, офіс",2025-12-18 17:45:00,"{""focus"": ""reduce_caffeine"", ""bedtime"": ""23:30""}"
d7e8f9a0-0118-4117-8117-000000000118,1,brave_pipit_1118,brave_pipit_1118@gmail.com,$2b$12$8N9o0P1q2R3s4T5u6V7w8X9y0Z1a2B3c4D5e6F7g8H9i0J1k2L3m4,Asia/Shanghai,2025-12-18 10:20:35,09:30,9.0,7.8,45,3.0,10:20,120,Фастфуд,True,0,meals,weekly,#e67e22,🍔,18,45,False,"{""type"": ""weekends""}",Фастфуд,72,11,2025-12-17 19:00:00,2025-12-18 02:30:00,2025-12-18 10:20:00,3,"вихідні, піца",2025-12-17 21:30:00,"{""focus"": ""nutrition"", ""bedtime"": ""01:30""}"
e8f9a0b1-0119-4118-8118-000000000119,3,calm_longspur_1119,calm_longspur_1119@outlook.com,$2b$12$9O0p1Q2r3S4t5U6v7W8x9Y0z1A2b3C4d5E6f7G8h9I0j1K2l3M4n5,Europe/Kyiv,2025-12-17 15:45:50,06:30,7.5,6.0,15,0.0,06:55,25,Читання,False,30,pages,daily,#2ecc71,📚,44,103,False,"{""type"": ""every_day""}",Читання,325,25,2025-12-16 21:30:00,2025-12-16 23:45:00,2025-12-17 06:55:00,8,"книги, саморозвиток",2025-12-16 16:45:00,"{""focus"": ""knowledge"", ""bedtime"": ""23:30""}"
f9a0b1c2-0120-4119-8119-000000000120,1,swift_sunbird_1120,swift_sunbird_1120@icloud.com,$2b$12$0P1q2R3s4T5u6V7w8X9y0Z1a2B3c4D5e6F7g8H9i0J1k2L3m4N5o6,UTC,2025-12-16 19:20:30,08:00,8.5,7.0,30,1.0,08:30,30,Прогулянка,False,12000,steps,daily,#27ae60,🚶,54,125,False,"{""type"": ""every_day""}",Прогулянка,395,31,2025-12-15 07:30:00,2025-12-15 23:15:00,2025-12-16 08:30:00,8,"ходьба, природа",2025-12-15 16:15:00,"{""focus"": ""daily_movement"", ""bedtime"": ""23:00""}"
a0b1c2d3-0121-4120-8120-000000000121,2,energetic_sparrow_1121,energetic_sparrow_1121@yahoo.com,$2b$12$1Q2r3S4t5U6v7W8x9Y0z1A2b3C4d5E6f7G8h9I0j1K2l3M4n5O6p7,America/New_York,2025-12-15 22:45:55,09:00,8.8,7.5,15,2.0,09:40,70,Солодощі,True,0,grams,daily,#f1c40f,🍩,20,48,False,"{""type"": ""every_day""}",Солодощі,170,25,2025-12-14 19:30:00,2025-12-15 01:00:00,2025-12-15 09:40:00,5,"цукор, вечір",2025-12-14 19:00:00,"{""focus"": ""reduce_sugar"", ""bedtime"": ""00:30""}"
b1c2d3e4-0122-4121-8121-000000000122,1,wise_bluethroat_1122,wise_bluethroat_1122@protonmail.com,$2b$12$2R3s4T5u6V7w8X9y0Z1a2B3c4D5e6F7g8H9i0J1k2L3m4N5o6P7q8,Asia/Tokyo,2025-12-14 14:10:45,06:15,7.8,6.5,45,0.5,06:45,30,Біг,False,8,km,weekly,#e67e22,🏃,33,85,False,"{""days"": [""Tue"", ""Thu"", ""Sat""]}",Біг,108,13,2025-12-13 06:30:00,2025-12-13 23:00:00,2025-12-14 06:45:00,8,"ранок, витривалість",2025-12-13 17:00:00,"{""focus"": ""cardio"", ""bedtime"": ""22:45""}"
c2d3e4f5-0123-4122-8122-000000000123,3,brave_warbler_1123,brave_warbler_1123@gmail.com,$2b$12$3S4t5U6v7W8x9Y0z1A2b3C4d5E6f7G8h9I0j1K2l3M4n5O6p7Q8r9,Europe/Berlin,2025-12-13 17:35:50,08:45,8.5,7.0,30,1.5,09:20,50,Скролінг перед сном,True,0,minutes,daily,#34495e,📱,31,64,False,"{""type"": ""every_day""}",Скролінг перед сном,320,30,2025-12-12 23:30:00,2025-12-13 02:00:00,2025-12-13 09:20:00,4,"телефон, ніч",2025-12-12 21:00:00,"{""focus"": ""digital_detox"", ""bedtime"": ""01:30""}"
d3e4f5a6-0124-4123-8123-000000000124,1,calm_accentor_1124,calm_accentor_1124@outlook.com,$2b$12$4T5u6V7w8X9y0Z1a2B3c4D5e6F7g8H9i0J1k2L3m4N5o6P7q8R9s0,Australia/Sydney,2025-12-12 20:50:25,07:15,8.0,6.5,15,0.0,07:40,25,Вітаміни,False,1,pill,daily,#f39c12,💊,65,152,False,"{""type"": ""every_day""}",Вітаміни,500,42,2025-12-11 08:00:00,2025-12-11 23:15:00,2025-12-12 07:40:00,9,"здоров'я, регулярність",2025-12-11 16:15:00,"{""focus"": ""health"", ""bedtime"": ""23:00""}"
e4f5a6b7-0125-4124-8124-000000000125,2,swift_bunting_1125,swift_bunting_1125@icloud.com,$2b$12$5U6v7W8x9Y0z1A2b3C4d5E6f7G8h9I0j1K2l3M4n5O6p7Q8r9S0t1,Europe/London,2025-12-11 12:15:40,09:30,9.0,7.8,45,2.0,10:10,70,Фастфуд,True,0,meals,weekly,#e67e22,🍔,20,47,False,"{""type"": ""weekends""}",Фастфуд,78,12,2025-12-10 18:30:00,2025-12-11 02:00:00,2025-12-11 10:10:00,4,"вихідні, шкідлива їжа",2025-12-10 20:00:00,"{""focus"": ""nutrition"", ""bedtime"": ""01:30""}"
f5a6b7c8-0126-4125-8125-000000000126,1,wise_junco_1126,wise_junco_1126@yahoo.com,$2b$12$6V7w8X9y0Z1a2B3c4D5e6F7g8H9i0J1k2L3m4N5o6P7q8R9s0T1u2,UTC,2025-12-10 16:40:55,06:00,7.2,5.8,30,0.5,06:25,25,Йога,False,20,minutes,daily,#8e44ad,🧘‍♀️,36,92,False,"{""type"": ""every_day""}",Йога,335,26,2025-12-09 17:45:00,2025-12-09 23:00:00,2025-12-10 06:25:00,8,"розтяжка, баланс",2025-12-09 15:30:00,"{""focus"": ""flexibility"", ""bedtime"": ""22:45""}"
a6b7c8d9-0127-4126-8126-000000000127,3,brave_towhee_1127,brave_towhee_1127@protonmail.com,$2b$12$7W8x9Y0z1A2b3C4d5E6f7G8h9I0j1K2l3M4n5O6p7Q8r9S0t1U2v3,Asia/Shanghai,2025-12-09 19:25:30,08:30,8.5,7.0,15,1.0,09:00,30,Вивчення мови,False,30,minutes,daily,#1abc9c,🗣️,42,105,False,"{""days"": [""Mon"", ""Wed"", ""Fri""]}",Вивчення мови,310,24,2025-12-08 19:00:00,2025-12-08 23:30:00,2025-12-09 09:00:00,7,"мова, дисципліна",2025-12-08 15:30:00,"{""focus"": ""consistency"", ""bedtime"": ""23:15""}"
b7c8d9e0-0128-4127-8127-000000000128,1,calm_woodlark_1128,calm_woodlark_1128@gmail.com,$2b$12$8X9y0Z1a2B3c4D5e6F7g8H9i0J1k2L3m4N5o6P7q8R9s0T1u2V3w4,America/Chicago,2025-12-08 22:50:15,09:15,9.0,7.5,30,3.0,10:05,95,Скролінг перед сном,True,0,minutes,daily,#34495e,📱,33,67,False,"{""type"": ""every_day""}",Скролінг перед сном,335,31,2025-12-07 23:30:00,2025-12-08 02:15:00,2025-12-08 10:05:00,4,"соцмережі, ніч",2025-12-07 21:15:00,"{""focus"": ""digital_detox"", ""bedtime"": ""01:30""}"
c8d9e0f1-0129-4128-8128-000000000129,2,swift_shorelark_1129,swift_shorelark_1129@outlook.com,$2b$12$9Y0z1A2b3C4d5E6f7G8h9I0j1K2l3M4n5O6p7Q8r9S0t1U2v3W4x5,Europe/Kyiv,2025-12-07 14:05:40,07:45,8.0,6.5,45,0.5,08:15,35,Кава після 16:00,True,0,cups,daily,#8e44ad,☕,36,118,False,"{""type"": ""weekdays""}",Кава після 16:00,390,30,2025-12-06 16:00:00,2025-12-06 23:30:00,2025-12-07 08:15:00,6,"кава, робота",2025-12-06 17:30:00,"{""focus"": ""reduce_caffeine"", ""bedtime"": ""23:15""}"
d9e0f1a2-0130-4129-8129-000000000130,1,energetic_swallow_1130,energetic_swallow_1130@icloud.com,$2b$12$0Z1a2B3c4D5e6F7g8H9i0J1k2L3m4N5o6P7q8R9s0T1u2V3w4X5y6,Australia/Sydney,2025-12-06 17:30:25,06:30,7.5,6.2,15,0.0,06:55,25,Спортзал,False,1,workout,weekly,#c0392b,🏋️,45,110,False,"{""days"": [""Mon"", ""Wed"", ""Fri""]}",Спортзал,205,18,2025-12-05 17:00:00,2025-12-05 23:30:00,2025-12-06 06:55:00,8,"силові, ранок",2025-12-05 16:30:00,"{""focus"": ""strength"", ""bedtime"": ""23:15""}"
e0f1a2b3-0131-4130-8130-000000000131,3,wise_martin_1131,wise_martin_1131@yahoo.com,$2b$12$1A2b3C4d5E6f7G8h9I0j1K2l3M4n5O6p7Q8r9S0t1U2v3W4x5Y6z7,Asia/Tokyo,2025-12-05 20:55:50,08:00,8.5,7.0,30,1.5,08:35,45,Солодощі,True,0,grams,daily,#f1c40f,🍩,21,50,False,"{""type"": ""every_day""}",Солодощі,175,26,2025-12-04 19:30:00,2025-12-05 01:00:00,2025-12-05 08:35:00,5,"цукор, вечір",2025-12-04 19:00:00,"{""focus"": ""reduce_sugar"", ""bedtime"": ""00:30""}"
f1a2b3c4-0132-4131-8131-000000000132,1,brave_oriole_1132,brave_oriole_1132@protonmail.com,$2b$12$2B3c4D5e6F7g8H9i0J1k2L3m4N5o6P7q8R9s0T1u2V3w4X5y6Z7a8,Europe/Berlin,2025-12-04 11:30:35,09:15,9.0,7.5,45,2.0,10:00,80,Фастфуд,True,0,meals,weekly,#e67e22,🍔,22,49,False,"{""type"": ""weekends""}",Фастфуд,82,13,2025-12-03 18:30:00,2025-12-04 02:00:00,2025-12-04 10:00:00,4,"вихідні, бургери",2025-12-03 20:00:00,"{""focus"": ""nutrition"", ""bedtime"": ""01:30""}"
a2b3c4d5-0133-4132-8132-000000000133,2,calm_wagtail_1133,calm_wagtail_1133@gmail.com,$2b$12$3C4d5E6f7G8h9I0j1K2l3M4n5O6p7Q8r9S0t1U2v3W4x5Y6z7A8b9,UTC,2025-12-03 15:55:40,07:00,8.2,6.8,15,0.2,07:25,25,Випити воду,False,2000,ml,daily,#3498db,💧,55,128,False,"{""type"": ""every_day""}",Випити воду,295,22,2025-12-02 20:00:00,2025-12-02 23:15:00,2025-12-03 07:25:00,8,"вода, гідратація",2025-12-02 16:15:00,"{""focus"": ""hydration"", ""bedtime"": ""23:00""}"
b3c4d5e6-0134-4133-8133-000000000134,1,swift_pipit_1134,swift_pipit_1134@outlook.com,$2b$12$4D5e6F7g8H9i0J1k2L3m4N5o6P7q8R9s0T1u2V3w4X5y6Z7a8B9c0,America/New_York,2025-12-02 18:20:45,08:45,8.5,7.0,30,1.0,09:15,35,Прогулянка,False,11000,steps,daily,#27ae60,🚶,57,130,False,"{""type"": ""every_day""}",Прогулянка,410,32,2025-12-01 07:30:00,2025-12-01 23:15:00,2025-12-02 09:15:00,8,"ходьба, офіс",2025-12-01 16:15:00,"{""focus"": ""daily_movement"", ""bedtime"": ""23:00""}"
c4d5e6f7-0135-4134-8134-000000000135,3,energetic_redpoll_1135,energetic_redpoll_1135@icloud.com,$2b$12$5E6f7G8h9I0j1K2l3M4n5O6p7Q8r9S0t1U2v3W4x5Y6z7A8b9C0d1,Europe/London,2025-12-01 21:35:50,06:15,7.5,6.0,15,0.5,06:40,25,Біг,False,7,km,weekly,#e67e22,🏃,35,88,False,"{""days"": [""Mon"", ""Fri""]}",Біг,112,14,2025-11-30 06:30:00,2025-11-30 23:00:00,2025-12-01 06:40:00,8,"ранок, кардіо",2025-11-30 17:00:00,"{""focus"": ""cardio"", ""bedtime"": ""22:45""}"
d5e6f7a8-0136-4135-8135-000000000136,1,wise_chiffchaff_1136,wise_chiffchaff_1136@yahoo.com,$2b$12$6F7g8H9i0J1k2L3m4N5o6P7q8R9s0T1u2V3w4X5y6Z7a8B9c0D1e2,Asia/Shanghai,2025-11-30 13:10:15,09:00,9.0,7.8,30,3.0,09:55,105,Скролінг перед сном,True,0,minutes,daily,#34495e,📱,35,70,False,"{""type"": ""every_day""}",Скролінг перед сном,350,33,2025-11-29 23:30:00,2025-11-30 02:30:00,2025-11-30 09:55:00,4,"екрани, залежність",2025-11-29 21:30:00,"{""focus"": ""digital_detox"", ""bedtime"": ""01:30""}"
e6f7a8b9-0137-4136-8136-000000000137,2,brave_goldfinch_1137,brave_goldfinch_1137@protonmail.com,$2b$12$7G8h9I0j1K2l3M4n5O6p7Q8r9S0t1U2v3W4x5Y6z7A8b9C0d1E2f3,Australia/Sydney,2025-11-29 16:45:30,07:30,8.0,6.5,45,0.5,08:00,35,Читання,False,35,pages,daily,#2ecc71,📚,47,106,False,"{""type"": ""every_day""}",Читання,340,26,2025-11-28 21:45:00,2025-11-28 23:30:00,2025-11-29 08:00:00,8,"книги, знання",2025-11-28 16:30:00,"{""focus"": ""knowledge"", ""bedtime"": ""23:15""}"
f7a8b9c0-0138-4137-8137-000000000138,1,calm_siskin_1138,calm_siskin_1138@gmail.com,$2b$12$8H9i0J1k2L3m4N5o6P7q8R9s0T1u2V3w4X5y6Z7a8B9c0D1e2F3g4,Asia/Tokyo,2025-11-28 19:20:25,08:15,8.5,7.0,15,1.0,08:45,30,Вітаміни,False,2,pills,daily,#f39c12,💊,68,155,False,"{""type"": ""every_day""}",Вітаміни,515,43,2025-11-27 08:00:00,2025-11-27 23:15:00,2025-11-28 08:45:00,9,"здоров'я, імунітет",2025-11-27 16:15:00,"{""focus"": ""health"", ""bedtime"": ""23:00""}"
a8b9c0d1-0139-4138-8138-000000000139,3,swift_brambling_1139,swift_brambling_1139@outlook.com,$2b$12$9I0j1K2l3M4n5O6p7Q8r9S0t1U2v3W4x5Y6z7A8b9C0d1E2f3G4h5,Europe/Kyiv,2025-11-27 22:35:50,06:45,7.5,6.2,30,0.0,07:10,25,Медитація,False,15,minutes,daily,#9b59b6,🧘‍♂️,64,142,False,"{""type"": ""every_day""}",Медитація,520,42,2025-11-26 21:00:00,2025-11-26 23:15:00,2025-11-27 07:10:00,10,"спокій, ранок",2025-11-26 16:15:00,"{""focus"": ""mindfulness"", ""bedtime"": ""23:00""}"
b9c0d1e2-0140-4139-8139-000000000140,1,wise_crossbill_1140,wise_crossbill_1140@icloud.com,$2b$12$0J1k2L3m4N5o6P7q8R9s0T1u2V3w4X5y6Z7a8B9c0D1e2F3g4H5i6,Europe/Berlin,2025-11-26 14:50:45,09:30,9.0,7.5,45,1.5,10:10,65,Фастфуд,True,0,meals,weekly,#e67e22,🍔,24,52,False,"{""type"": ""weekends""}",Фастфуд,88,14,2025-11-25 18:30:00,2025-11-26 02:00:00,2025-11-26 10:10:00,4,"вихідні, піца",2025-11-25 20:00:00,"{""focus"": ""nutrition"", ""bedtime"": ""01:30""}"
c0d1e2f3-0141-4140-8140-000000000141,1,calm_finch_1141,calm_finch_1141@protonmail.com,$2b$12$1K2l3M4n5O6p7Q8r9S0t1U2v3W4x5Y6z7A8b9C0d1E2f3G4h5I6j7,UTC,2025-11-25 17:35:20,07:00,8.0,6.5,15,0.5,07:25,25,Випити воду,False,2000,ml,daily,#3498db,💧,58,131,False,"{""type"": ""every_day""}",Випити воду,310,23,2025-11-24 20:00:00,2025-11-24 23:15:00,2025-11-25 07:25:00,8,"вода, гідратація",2025-11-24 16:15:00,"{""focus"": ""hydration"", ""bedtime"": ""23:00""}"
d1e2f3a4-0142-4141-8141-000000000142,2,swift_bullfinch_1142,swift_bullfinch_1142@yahoo.com,$2b$12$2L3m4N5o6P7q8R9s0T1u2V3w4X5y6Z7a8B9c0D1e2F3g4H5i6J7k8,America/Chicago,2025-11-24 09:50:15,08:30,8.5,7.0,30,1.0,09:00,30,Кава після 16:00,True,0,cups,daily,#8e44ad,☕,38,120,False,"{""type"": ""weekdays""}",Кава після 16:00,400,31,2025-11-23 16:00:00,2025-11-23 23:45:00,2025-11-24 09:00:00,6,"кофеїн, робота",2025-11-23 17:45:00,"{""focus"": ""reduce_caffeine"", ""bedtime"": ""23:30""}"
e2f3a4b5-0143-4142-8142-000000000143,1,brave_serin_1143,brave_serin_1143@gmail.com,$2b$12$3M4n5O6p7Q8r9S0t1U2v3W4x5Y6z7A8b9C0d1E2f3G4h5I6j7K8l9,Asia/Tokyo,2025-11-23 13:25:40,06:15,7.5,6.0,45,0.0,06:40,25,Йога,False,25,minutes,daily,#8e44ad,🧘‍♀️,38,95,False,"{""type"": ""every_day""}",Йога,350,27,2025-11-22 17:30:00,2025-11-22 23:00:00,2025-11-23 06:40:00,8,"розтяжка, гнучкість",2025-11-22 15:30:00,"{""focus"": ""flexibility"", ""bedtime"": ""22:45""}"
f3a4b5c6-0144-4143-8143-000000000144,3,energetic_greenfinch_1144,energetic_greenfinch_1144@outlook.com,$2b$12$4N5o6P7q8R9s0T1u2V3w4X5y6Z7a8B9c0D1e2F3g4H5i6J7k8L9m0,Australia/Sydney,2025-11-22 16:50:55,09:00,9.0,7.5,30,3.0,09:45,95,Скролінг перед сном,True,0,minutes,daily,#34495e,📱,37,73,False,"{""type"": ""every_day""}",Скролінг перед сном,365,34,2025-11-21 23:30:00,2025-11-22 02:00:00,2025-11-22 09:45:00,4,"телефон, ніч",2025-11-21 21:00:00,"{""focus"": ""digital_detox"", ""bedtime"": ""01:30""}"
a4b5c6d7-0145-4144-8144-000000000145,1,wise_snowfinch_1145,wise_snowfinch_1145@icloud.com,$2b$12$5O6p7Q8r9S0t1U2v3W4x5Y6z7A8b9C0d1E2f3G4h5I6j7K8l9M0n1,Europe/London,2025-11-21 19:15:30,07:45,8.0,6.5,15,0.2,08:10,25,Прогулянка,False,10500,steps,daily,#27ae60,🚶,60,133,False,"{""type"": ""every_day""}",Прогулянка,420,33,2025-11-20 07:30:00,2025-11-20 23:15:00,2025-11-21 08:10:00,8,"ходьба, парк",2025-11-20 16:15:00,"{""focus"": ""daily_movement"", ""bedtime"": ""23:00""}"
b5c6d7e8-0146-4145-8145-000000000146,2,calm_rockfinch_1146,calm_rockfinch_1146@protonmail.com,$2b$12$6P7q8R9s0T1u2V3w4X5y6Z7a8B9c0D1e2F3g4H5i6J7k8L9m0N1o2,Europe/Berlin,2025-11-20 10:40:25,08:15,8.5,7.0,30,1.5,08:50,40,Солодощі,True,0,grams,daily,#f1c40f,🍩,23,54,False,"{""type"": ""every_day""}",Солодощі,180,27,2025-11-19 19:30:00,2025-11-20 01:00:00,2025-11-20 08:50:00,5,"цукор, вечір",2025-11-19 19:00:00,"{""focus"": ""reduce_sugar"", ""bedtime"": ""00:30""}"
c6d7e8f9-0147-4146-8146-000000000147,1,swift_rosyfinch_1147,swift_rosyfinch_1147@yahoo.com,$2b$12$7Q8r9S0t1U2v3W4x5Y6z7A8b9C0d1E2f3G4h5I6j7K8l9M0n1O2p3,UTC,2025-11-19 14:55:40,06:30,7.2,5.8,45,0.5,06:55,25,Біг,False,5,km,weekly,#e67e22,🏃,37,90,False,"{""days"": [""Tue"", ""Thu"", ""Sun""]}",Біг,118,15,2025-11-18 06:30:00,2025-11-18 23:00:00,2025-11-19 06:55:00,7,"ранок, кардіо",2025-11-18 17:00:00,"{""focus"": ""cardio"", ""bedtime"": ""22:45""}"
d7e8f9a0-0148-4147-8147-000000000148,3,wise_longspur_1148,wise_longspur_1148@gmail.com,$2b$12$8R9s0T1u2V3w4X5y6Z7a8B9c0D1e2F3g4H5i6J7k8L9m0N1o2P3q4,Asia/Shanghai,2025-11-18 18:20:15,09:15,9.0,7.8,15,2.0,10:00,80,Фастфуд,True,0,meals,weekly,#e67e22,🍔,26,55,False,"{""type"": ""weekends""}",Фастфуд,92,15,2025-11-17 18:30:00,2025-11-18 02:00:00,2025-11-18 10:00:00,4,"вихідні, бургери",2025-11-17 20:00:00,"{""focus"": ""nutrition"", ""bedtime"": ""01:30""}"
e8f9a0b1-0149-4148-8148-000000000149,1,brave_needletail_1149,brave_needletail_1149@outlook.com,$2b$12$9S0t1U2v3W4x5Y6z7A8b9C0d1E2f3G4h5I6j7K8l9M0n1O2p3Q4r5,America/New_York,2025-11-17 21:45:50,08:45,8.5,7.0,30,1.0,09:15,35,Вітаміни,False,2,pills,daily,#f39c12,💊,71,158,False,"{""type"": ""every_day""}",Вітаміни,530,44,2025-11-16 08:00:00,2025-11-16 23:15:00,2025-11-17 09:15:00,9,"здоров'я, імунітет",2025-11-16 16:15:00,"{""focus"": ""health"", ""bedtime"": ""23:00""}"
f9a0b1c2-0150-4149-8149-000000000150,2,calm_palmswift_1150,calm_palmswift_1150@icloud.com,$2b$12$0T1u2V3w4X5y6Z7a8B9c0D1e2F3g4H5i6J7k8L9m0N1o2P3q4R5s6,Australia/Sydney,2025-11-16 12:10:35,07:15,8.0,6.5,15,0.0,07:40,25,Читання,False,30,pages,daily,#2ecc71,📚,50,109,False,"{""type"": ""every_day""}",Читання,355,27,2025-11-15 21:30:00,2025-11-15 23:45:00,2025-11-16 07:40:00,8,"книги, саморозвиток",2025-11-15 16:45:00,"{""focus"": ""knowledge"", ""bedtime"": ""23:30""}"
a0b1c2d3-0151-4150-8150-000000000151,1,swift_sparrow_1151,swift_sparrow_1151@yahoo.com,$2b$12$1U2v3W4x5Y6z7A8b9C0d1E2f3G4h5I6j7K8l9M0n1O2p3Q4r5S6t7,Europe/Kyiv,2025-11-15 16:35:40,09:30,9.0,7.8,45,3.0,10:20,120,Скролінг перед сном,True,0,minutes,daily,#34495e,📱,39,76,False,"{""type"": ""every_day""}",Скролінг перед сном,380,35,2025-11-14 23:30:00,2025-11-15 02:30:00,2025-11-15 10:20:00,4,"екрани, залежність",2025-11-14 21:30:00,"{""focus"": ""digital_detox"", ""bedtime"": ""01:30""}"
b1c2d3e4-0152-4151-8151-000000000152,3,energetic_tit_1152,energetic_tit_1152@protonmail.com,$2b$12$2V3w4X5y6Z7a8B9c0D1e2F3g4H5i6J7k8L9m0N1o2P3q4R5s6T7u8,Asia/Tokyo,2025-11-14 19:20:25,06:00,7.5,6.2,30,0.5,06:25,25,Спортзал,False,1,workout,weekly,#c0392b,🏋️,47,112,False,"{""days"": [""Mon"", ""Wed"", ""Fri""]}",Спортзал,215,19,2025-11-13 17:00:00,2025-11-13 23:30:00,2025-11-14 06:25:00,8,"силові, прогрес",2025-11-13 16:30:00,"{""focus"": ""strength"", ""bedtime"": ""23:15""}"
c2d3e4f5-0153-4152-8152-000000000153,1,wise_flycatcher_1153,wise_flycatcher_1153@gmail.com,$2b$12$3W4x5Y6z7A8b9C0d1E2f3G4h5I6j7K8l9M0n1O2p3Q4r5S6t7U8v9,Europe/Berlin,2025-11-13 11:45:50,08:00,8.5,7.0,15,1.5,08:35,45,Кава після 16:00,True,0,cups,daily,#8e44ad,☕,40,122,False,"{""type"": ""weekdays""}",Кава після 16:00,415,32,2025-11-12 16:00:00,2025-11-12 23:45:00,2025-11-13 08:35:00,6,"кофеїн, офіс",2025-11-12 17:45:00,"{""focus"": ""reduce_caffeine"", ""bedtime"": ""23:30""}"
d3e4f5a6-0154-4153-8153-000000000154,2,brave_martin_1154,brave_martin_1154@outlook.com,$2b$12$4X5y6Z7a8B9c0D1e2F3g4H5i6J7k8L9m0N1o2P3q4R5s6T7u8V9w0,UTC,2025-11-12 15:30:15,09:00,9.0,7.5,30,2.0,09:40,70,Солодощі,True,0,grams,daily,#f1c40f,🍩,25,57,False,"{""type"": ""every_day""}",Солодощі,185,28,2025-11-11 19:30:00,2025-11-12 01:00:00,2025-11-12 09:40:00,5,"цукор, вечір",2025-11-11 19:00:00,"{""focus"": ""reduce_sugar"", ""bedtime"": ""00:30""}"
e4f5a6b7-0155-4154-8154-000000000155,1,calm_oriole_1155,calm_oriole_1155@icloud.com,$2b$12$5Y6z7A8b9C0d1E2f3G4h5I6j7K8l9M0n1O2p3Q4r5S6t7U8v9W0x1,America/Chicago,2025-11-11 18:55:30,07:30,8.0,6.5,45,0.0,07:55,25,Випити воду,False,2500,ml,daily,#3498db,💧,60,135,False,"{""type"": ""every_day""}",Випити воду,325,24,2025-11-10 20:00:00,2025-11-10 23:00:00,2025-11-11 07:55:00,8,"вода, гідратація",2025-11-10 16:00:00,"{""focus"": ""hydration"", ""bedtime"": ""22:45""}"
f5a6b7c8-0156-4155-8155-000000000156,3,swift_warbler_1156,swift_warbler_1156@yahoo.com,$2b$12$6Z7a8B9c0D1e2F3g4H5i6J7k8L9m0N1o2P3q4R5s6T7u8V9w0X1y2,Australia/Sydney,2025-11-10 21:40:25,08:15,8.5,7.0,15,1.0,08:45,30,Прогулянка,False,12500,steps,daily,#27ae60,🚶,63,138,False,"{""type"": ""every_day""}",Прогулянка,435,34,2025-11-09 07:30:00,2025-11-09 23:15:00,2025-11-10 08:45:00,8,"ходьба, природа",2025-11-09 16:15:00,"{""focus"": ""daily_movement"", ""bedtime"": ""23:00""}"
a6b7c8d9-0157-4156-8156-000000000157,1,energetic_drongo_1157,energetic_drongo_1157@protonmail.com,$2b$12$7A8b9C0d1E2f3G4h5I6j7K8l9M0n1O2p3Q4r5S6t7U8v9W0x1Y2z3,Europe/London,2025-11-09 14:15:40,06:45,7.5,6.0,30,0.5,07:10,25,Біг,False,6,km,weekly,#e67e22,🏃,39,92,False,"{""days"": [""Mon"", ""Fri""]}",Біг,124,16,2025-11-08 06:30:00,2025-11-08 23:00:00,2025-11-09 07:10:00,7,"ранок, кардіо",2025-11-08 17:00:00,"{""focus"": ""cardio"", ""bedtime"": ""22:45""}"
b7c8d9e0-0158-4157-8157-000000000158,2,wise_bluethroat_1158,wise_bluethroat_1158@gmail.com,$2b$12$8B9c0D1e2F3g4H5i6J7k8L9m0N1o2P3q4R5s6T7u8V9w0X1y2Z3a4,Asia/Shanghai,2025-11-08 17:50:55,09:15,9.0,7.8,45,3.0,10:05,95,Скролінг перед сном,True,0,minutes,daily,#34495e,📱,41,79,False,"{""type"": ""every_day""}",Скролінг перед сном,395,36,2025-11-07 23:30:00,2025-11-08 02:30:00,2025-11-08 10:05:00,4,"телефон, ніч",2025-11-07 21:30:00,"{""focus"": ""digital_detox"", ""bedtime"": ""01:30""}"
c8d9e0f1-0159-4158-8158-000000000159,1,brave_bulbul_1159,brave_bulbul_1159@outlook.com,$2b$12$9C0d1E2f3G4h5I6j7K8l9M0n1O2p3Q4r5S6t7U8v9W0x1Y2z3A4b5,Europe/Kyiv,2025-11-07 20:15:30,07:00,8.2,6.8,15,0.2,07:30,25,Вітаміни,False,1,pill,daily,#f39c12,💊,74,161,False,"{""type"": ""every_day""}",Вітаміни,545,45,2025-11-06 08:00:00,2025-11-06 23:15:00,2025-11-07 07:30:00,9,"здоров'я, регулярність",2025-11-06 16:15:00,"{""focus"": ""health"", ""bedtime"": ""23:00""}"
d9e0f1a2-0160-4159-8159-000000000160,3,calm_starling_1160,calm_starling_1160@icloud.com,$2b$12$0D1e2F3g4H5i6J7k8L9m0N1o2P3q4R5s6T7u8V9w0X1y2Z3a4B5c6,America/New_York,2025-11-06 12:40:45,08:45,8.5,7.0,30,1.5,09:20,50,Фастфуд,True,0,meals,weekly,#e67e22,🍔,28,58,False,"{""type"": ""weekends""}",Фастфуд,98,16,2025-11-05 18:30:00,2025-11-06 02:00:00,2025-11-06 09:20:00,4,"вихідні, піца",2025-11-05 20:00:00,"{""focus"": ""nutrition"", ""bedtime"": ""01:30""}"
e0f1a2b3-0161-4160-8160-000000000161,1,swift_creeper_1161,swift_creeper_1161@yahoo.com,$2b$12$1E2f3G4h5I6j7K8l9M0n1O2p3Q4r5S6t7U8v9W0x1Y2z3A4b5C6d7,UTC,2025-11-05 16:15:50,06:30,7.5,6.0,15,0.0,06:55,25,Йога,False,20,minutes,daily,#8e44ad,🧘‍♀️,40,98,False,"{""type"": ""every_day""}",Йога,365,28,2025-11-04 17:45:00,2025-11-04 23:00:00,2025-11-05 06:55:00,8,"розтяжка, баланс",2025-11-04 15:30:00,"{""focus"": ""flexibility"", ""bedtime"": ""22:45""}"
f1a2b3c4-0162-4161-8161-000000000162,2,wise_wagtail_1162,wise_wagtail_1162@protonmail.com,$2b$12$2F3g4H5i6J7k8L9m0N1o2P3q4R5s6T7u8V9w0X1y2Z3a4B5c6D7e8,Asia/Tokyo,2025-11-04 19:30:35,09:30,9.0,7.8,45,2.0,10:15,70,Солодощі,True,0,grams,daily,#f1c40f,🍩,27,60,False,"{""type"": ""every_day""}",Солодощі,195,29,2025-11-03 19:30:00,2025-11-04 01:00:00,2025-11-04 10:15:00,5,"цукор, вечір",2025-11-03 19:00:00,"{""focus"": ""reduce_sugar"", ""bedtime"": ""00:30""}"
a2b3c4d5-0163-4162-8162-000000000163,1,brave_thrush_1163,brave_thrush_1163@gmail.com,$2b$12$3G4h5I6j7K8l9M0n1O2p3Q4r5S6t7U8v9W0x1Y2z3A4b5C6d7E8f9,Australia/Sydney,2025-11-03 22:55:50,08:00,8.5,7.0,30,1.0,08:30,30,Читання,False,35,pages,daily,#2ecc71,📚,53,112,False,"{""type"": ""every_day""}",Читання,370,28,2025-11-02 21:45:00,2025-11-02 23:30:00,2025-11-03 08:30:00,8,"книги, знання",2025-11-02 16:30:00,"{""focus"": ""knowledge"", ""bedtime"": ""23:15""}"
b3c4d5e6-0164-4163-8163-000000000164,3,calm_redstart_1164,calm_redstart_1164@outlook.com,$2b$12$4H5i6J7k8L9m0N1o2P3q4R5s6T7u8V9w0X1y2Z3a4B5c6D7e8F9g0,Europe/Berlin,2025-11-02 14:20:45,07:15,8.0,6.5,15,0.5,07:40,25,Прогулянка,False,11500,steps,daily,#27ae60,🚶,65,141,False,"{""type"": ""every_day""}",Прогулянка,450,35,2025-11-01 07:30:00,2025-11-01 23:15:00,2025-11-02 07:40:00,8,"ходьба, свіже повітря",2025-11-01 16:15:00,"{""focus"": ""daily_movement"", ""bedtime"": ""23:00""}"
c4d5e6f7-0165-4164-8164-000000000165,1,swift_chiffchaff_1165,swift_chiffchaff_1165@icloud.com,$2b$12$5I6j7K8l9M0n1O2p3Q4r5S6t7U8v9W0x1Y2z3A4b5C6d7E8f9G0h1,Europe/Kyiv,2025-11-01 17:55:30,06:15,7.5,6.2,45,0.0,06:40,25,Спортзал,False,1,workout,weekly,#c0392b,🏋️,49,115,False,"{""days"": [""Mon"", ""Wed"", ""Fri""]}",Спортзал,225,20,2025-10-31 17:00:00,2025-10-31 23:30:00,2025-11-01 06:40:00,8,"силові, ранок",2025-10-31 16:30:00,"{""focus"": ""strength"", ""bedtime"": ""23:15""}"
d5e6f7a8-0166-4165-8165-000000000166,2,energetic_wren_1166,energetic_wren_1166@yahoo.com,$2b$12$6J7k8L9m0N1o2P3q4R5s6T7u8V9w0X1y2Z3a4B5c6D7e8F9g0H1i2,America/Chicago,2025-10-31 20:30:25,08:30,8.5,7.0,30,2.5,09:15,65,Скролінг перед сном,True,0,minutes,daily,#34495e,📱,43,82,False,"{""type"": ""every_day""}",Скролінг перед сном,410,37,2025-10-30 23:00:00,2025-10-31 01:45:00,2025-10-31 09:15:00,4,"екрани, залежність",2025-10-30 20:45:00,"{""focus"": ""digital_detox"", ""bedtime"": ""01:15""}"
e6f7a8b9-0167-4166-8166-000000000167,1,wise_dipper_1167,wise_dipper_1167@protonmail.com,$2b$12$7K8l9M0n1O2p3Q4r5S6t7U8v9W0x1Y2z3A4b5C6d7E8f9G0h1I2j3,Asia/Shanghai,2025-10-30 12:15:40,09:00,9.0,7.5,45,3.0,09:55,105,Фастфуд,True,0,meals,weekly,#e67e22,🍔,30,61,False,"{""type"": ""weekends""}",Фастфуд,102,17,2025-10-29 18:30:00,2025-10-30 02:00:00,2025-10-30 09:55:00,4,"вихідні, бургери",2025-10-29 20:00:00,"{""focus"": ""nutrition"", ""bedtime"": ""01:30""}"
f7a8b9c0-0168-4167-8167-000000000168,3,brave_nightjar_1168,brave_nightjar_1168@gmail.com,$2b$12$8L9m0N1o2P3q4R5s6T7u8V9w0X1y2Z3a4B5c6D7e8F9g0H1i2J3k4,Europe/London,2025-10-29 15:50:55,07:45,8.0,6.5,15,1.0,08:15,30,Кава після 16:00,True,0,cups,daily,#8e44ad,☕,42,125,False,"{""type"": ""weekdays""}",Кава після 16:00,425,33,2025-10-28 16:00:00,2025-10-28 23:45:00,2025-10-29 08:15:00,6,"кофеїн, робота",2025-10-28 17:45:00,"{""focus"": ""reduce_caffeine"", ""bedtime"": ""23:30""}"
a8b9c0d1-0169-4168-8168-000000000169,1,calm_sunbird_1169,calm_sunbird_1169@outlook.com,$2b$12$9M0n1O2p3Q4r5S6t7U8v9W0x1Y2z3A4b5C6d7E8f9G0h1I2j3K4l5,UTC,2025-10-28 18:35:30,06:00,7.2,5.8,30,0.5,06:25,25,Біг,False,7,km,weekly,#e67e22,🏃,41,94,False,"{""days"": [""Tue"", ""Thu"", ""Sun""]}",Біг,130,17,2025-10-27 06:30:00,2025-10-27 23:00:00,2025-10-28 06:25:00,7,"ранок, кардіо",2025-10-27 17:00:00,"{""focus"": ""cardio"", ""bedtime"": ""22:45""}"
b9c0d1e2-0170-4169-8169-000000000170,2,swift_goldfinch_1170,swift_goldfinch_1170@icloud.com,$2b$12$0N1o2P3q4R5s6T7u8V9w0X1y2Z3a4B5c6D7e8F9g0H1i2J3k4L5m6,Australia/Sydney,2025-10-27 21:40:25,08:15,8.5,7.0,30,1.5,08:50,40,Солодощі,True,0,grams,daily,#f1c40f,🍩,29,63,False,"{""type"": ""every_day""}",Солодощі,200,30,2025-10-26 19:30:00,2025-10-27 01:00:00,2025-10-27 08:50:00,5,"цукор, вечір",2025-10-26 19:00:00,"{""focus"": ""reduce_sugar"", ""bedtime"": ""00:30""}"
c0d1e2f3-0171-4170-8170-000000000171,1,wise_brambling_1171,wise_brambling_1171@yahoo.com,$2b$12$1O2p3Q4r5S6t7U8v9W0x1Y2z3A4b5C6d7E8f9G0h1I2j3K4l5M6n7,Asia/Tokyo,2025-10-26 13:25:40,08:45,8.5,7.0,15,0.2,09:10,25,Вітаміни,False,2,pills,daily,#f39c12,💊,77,164,False,"{""type"": ""every_day""}",Вітаміни,560,46,2025-10-25 08:00:00,2025-10-25 23:15:00,2025-10-26 09:10:00,9,"здоров'я, імунітет",2025-10-25 16:15:00,"{""focus"": ""health"", ""bedtime"": ""23:00""}"
d1e2f3a4-0172-4171-8171-000000000172,3,brave_oriole_1172,brave_oriole_1172@protonmail.com,$2b$12$2P3q4R5s6T7u8V9w0X1y2Z3a4B5c6D7e8F9g0H1i2J3k4L5m6N7o8,Europe/Berlin,2025-10-25 16:50:55,09:15,9.0,7.5,45,2.0,10:05,85,Фастфуд,True,0,meals,weekly,#e67e22,🍔,32,64,False,"{""type"": ""weekends""}",Фастфуд,108,18,2025-10-24 18:30:00,2025-10-25 02:00:00,2025-10-25 10:05:00,4,"вихідні, піца",2025-10-24 20:00:00,"{""focus"": ""nutrition"", ""bedtime"": ""01:30""}"
e2f3a4b5-0173-4172-8172-000000000173,1,calm_siskin_1173,calm_siskin_1173@gmail.com,$2b$12$3Q4r5S6t7U8v9W0x1Y2z3A4b5C6d7E8f9G0h1I2j3K4l5M6n7O8p9,UTC,2025-10-24 19:15:30,07:30,8.0,6.5,30,0.5,07:55,25,Випити воду,False,2000,ml,daily,#3498db,💧,63,138,False,"{""type"": ""every_day""}",Випити воду,340,25,2025-10-23 20:00:00,2025-10-23 23:00:00,2025-10-24 07:55:00,8,"вода, гідратація",2025-10-23 16:00:00,"{""focus"": ""hydration"", ""bedtime"": ""22:45""}"
f3a4b5c6-0174-4173-8173-000000000174,2,swift_crossbill_1174,swift_crossbill_1174@outlook.com,$2b$12$4R5s6T7u8V9w0X1y2Z3a4B5c6D7e8F9g0H1i2J3k4L5m6N7o8P9q0,Europe/Kyiv,2025-10-23 11:50:45,06:45,7.5,6.0,15,0.0,07:10,25,Йога,False,25,minutes,daily,#8e44ad,🧘‍♀️,42,100,False,"{""type"": ""every_day""}",Йога,380,29,2025-10-22 17:30:00,2025-10-22 23:00:00,2025-10-23 07:10:00,8,"розтяжка, гнучкість",2025-10-22 15:30:00,"{""focus"": ""flexibility"", ""bedtime"": ""22:45""}"
a4b5c6d7-0175-4174-8174-000000000175,1,energetic_bullfinch_1175,energetic_bullfinch_1175@icloud.com,$2b$12$5S6t7U8v9W0x1Y2z3A4b5C6d7E8f9G0h1I2j3K4l5M6n7O8p9Q0r1,Asia/Shanghai,2025-10-22 14:35:50,09:30,9.0,7.8,30,3.0,10:20,120,Скролінг перед сном,True,0,minutes,daily,#34495e,📱,45,85,False,"{""type"": ""every_day""}",Скролінг перед сном,425,38,2025-10-21 23:30:00,2025-10-22 02:30:00,2025-10-22 10:20:00,4,"екрани, залежність",2025-10-21 21:30:00,"{""focus"": ""digital_detox"", ""bedtime"": ""01:30""}"
b5c6d7e8-0176-4175-8175-000000000176,3,wise_tit_1176,wise_tit_1176@yahoo.com,$2b$12$6T7u8V9w0X1y2Z3a4B5c6D7e8F9g0H1i2J3k4L5m6N7o8P9q0R1s2,America/New_York,2025-10-21 17:20:25,08:00,8.5,7.0,45,1.5,08:35,45,Медитація,False,10,minutes,daily,#9b59b6,🧘‍♂️,68,146,False,"{""type"": ""every_day""}",Медитація,540,43,2025-10-20 21:00:00,2025-10-20 23:15:00,2025-10-21 08:35:00,10,"спокій, ранок",2025-10-20 16:15:00,"{""focus"": ""mindfulness"", ""bedtime"": ""23:00""}"
c6d7e8f9-0177-4176-8176-000000000177,1,brave_woodlark_1177,brave_woodlark_1177@protonmail.com,$2b$12$7U8v9W0x1Y2z3A4b5C6d7E8f9G0h1I2j3K4l5M6n7O8p9Q0r1S2t3,Australia/Sydney,2025-10-20 20:55:50,07:00,8.2,6.8,15,0.5,07:30,25,Прогулянка,False,13500,steps,daily,#27ae60,🚶,68,144,False,"{""type"": ""every_day""}",Прогулянка,465,36,2025-10-19 07:30:00,2025-10-19 23:15:00,2025-10-20 07:30:00,8,"ходьба, парк",2025-10-19 16:15:00,"{""focus"": ""daily_movement"", ""bedtime"": ""23:00""}"
d7e8f9a0-0178-4177-8177-000000000178,2,calm_serin_1178,calm_serin_1178@gmail.com,$2b$12$8V9w0X1y2Z3a4B5c6D7e8F9g0H1i2J3k4L5m6N7o8P9q0R1s2T3u4,Europe/London,2025-10-19 13:40:35,08:45,8.5,7.0,30,1.0,09:15,35,Читання,False,35,pages,daily,#2ecc71,📚,56,115,False,"{""type"": ""every_day""}",Читання,385,29,2025-10-18 21:45:00,2025-10-18 23:30:00,2025-10-19 09:15:00,8,"книги, знання",2025-10-18 16:30:00,"{""focus"": ""knowledge"", ""bedtime"": ""23:15""}"
e8f9a0b1-0179-4178-8178-000000000179,1,swift_needletail_1179,swift_needletail_1179@outlook.com,$2b$12$9W0x1Y2z3A4b5C6d7E8f9G0h1I2j3K4l5M6n7O8p9Q0r1S2t3U4v5,Asia/Tokyo,2025-10-18 16:25:40,06:30,7.5,6.2,45,0.0,06:55,25,Спортзал,False,1,workout,weekly,#c0392b,🏋️,51,118,False,"{""days"": [""Mon"", ""Wed"", ""Fri""]}",Спортзал,235,21,2025-10-17 17:00:00,2025-10-17 23:30:00,2025-10-18 06:55:00,8,"силові, прогрес",2025-10-17 16:30:00,"{""focus"": ""strength"", ""bedtime"": ""23:15""}"
f9a0b1c2-0180-4179-8179-000000000180,3,energetic_flycatcher_1180,energetic_flycatcher_1180@icloud.com,$2b$12$0X1y2Z3a4B5c6D7e8F9g0H1i2J3k4L5m6N7o8P9q0R1s2T3u4V5w6,America/Chicago,2025-10-17 19:30:50,09:00,9.0,7.5,30,2.5,09:50,80,Фастфуд,True,0,meals,weekly,#e67e22,🍔,34,67,False,"{""type"": ""weekends""}",Фастфуд,112,19,2025-10-16 18:30:00,2025-10-17 02:00:00,2025-10-17 09:50:00,4,"вихідні, шкідлива їжа",2025-10-16 20:00:00,"{""focus"": ""nutrition"", ""bedtime"": ""01:30""}"
a0b1c2d3-0181-4180-8180-000000000181,1,wise_palmswift_1181,wise_palmswift_1181@yahoo.com,$2b$12$1Y2z3A4b5C6d7E8f9G0h1I2j3K4l5M6n7O8p9Q0r1S2t3U4v5W6x7,Asia/Shanghai,2025-10-16 22:15:45,07:45,8.0,6.5,15,0.5,08:10,25,Кава після 16:00,True,0,cups,daily,#8e44ad,☕,44,127,False,"{""type"": ""weekdays""}",Кава після 16:00,440,34,2025-10-15 16:00:00,2025-10-15 23:45:00,2025-10-16 08:10:00,6,"кофеїн, офіс",2025-10-15 17:45:00,"{""focus"": ""reduce_caffeine"", ""bedtime"": ""23:30""}"
b1c2d3e4-0182-4181-8181-000000000182,2,brave_robin_1182,brave_robin_1182@protonmail.com,$2b$12$2Z3a4B5c6D7e8F9g0H1i2J3k4L5m6N7o8P9q0R1s2T3u4V5w6X7y8,Europe/Kyiv,2025-10-15 15:40:35,08:30,8.5,7.0,30,1.0,09:00,30,Солодощі,True,0,grams,daily,#f1c40f,🍩,31,66,False,"{""type"": ""every_day""}",Солодощі,205,31,2025-10-14 19:30:00,2025-10-15 01:00:00,2025-10-15 09:00:00,5,"цукор, вечір",2025-10-14 19:00:00,"{""focus"": ""reduce_sugar"", ""bedtime"": ""00:30""}"
c2d3e4f5-0183-4182-8182-000000000183,1,calm_sparrow_1183,calm_sparrow_1183@gmail.com,$2b$12$3A4b5C6d7E8f9G0h1I2j3K4l5M6n7O8p9Q0r1S2t3U4v5W6x7Y8z9,UTC,2025-10-14 17:25:40,06:15,7.5,6.0,45,0.0,06:40,25,Біг,False,5,km,weekly,#e67e22,🏃,43,96,False,"{""days"": [""Mon"", ""Fri""]}",Біг,136,18,2025-10-13 06:30:00,2025-10-13 23:00:00,2025-10-14 06:40:00,7,"ранок, кардіо",2025-10-13 17:00:00,"{""focus"": ""cardio"", ""bedtime"": ""22:45""}"
d3e4f5a6-0184-4183-8183-000000000184,3,swift_wagtail_1184,swift_wagtail_1184@outlook.com,$2b$12$4B5c6D7e8F9g0H1i2J3k4L5m6N7o8P9q0R1s2T3u4V5w6X7y8Z9a0,Australia/Sydney,2025-10-13 20:50:55,09:15,9.0,7.8,15,3.0,10:10,100,Скролінг перед сном,True,0,minutes,daily,#34495e,📱,47,88,False,"{""type"": ""every_day""}",Скролінг перед сном,440,39,2025-10-12 23:30:00,2025-10-13 02:30:00,2025-10-13 10:10:00,4,"телефон, ніч",2025-10-12 21:30:00,"{""focus"": ""digital_detox"", ""bedtime"": ""01:30""}"
e4f5a6b7-0185-4184-8184-000000000185,1,wise_longspur_1185,wise_longspur_1185@icloud.com,$2b$12$5C6d7E8f9G0h1I2j3K4l5M6n7O8p9Q0r1S2t3U4v5W6x7Y8z9A0b1,Europe/Berlin,2025-10-12 12:35:50,07:00,8.0,6.5,30,0.2,07:25,25,Вітаміни,False,2,pills,daily,#f39c12,💊,80,168,False,"{""type"": ""every_day""}",Вітаміни,575,47,2025-10-11 08:00:00,2025-10-11 23:15:00,2025-10-12 07:25:00,9,"здоров'я, імунітет",2025-10-11 16:15:00,"{""focus"": ""health"", ""bedtime"": ""23:00""}"
f5a6b7c8-0186-4185-8185-000000000186,2,brave_greenfinch_1186,brave_greenfinch_1186@yahoo.com,$2b$12$6D7e8F9g0H1i2J3k4L5m6N7o8P9q0R1s2T3u4V5w6X7y8Z9a0B1c2,America/New_York,2025-10-11 15:30:45,08:45,8.5,7.0,45,1.5,09:20,50,Фастфуд,True,0,meals,weekly,#e67e22,🍔,36,69,False,"{""type"": ""weekends""}",Фастфуд,118,20,2025-10-10 18:30:00,2025-10-11 02:00:00,2025-10-11 09:20:00,4,"вихідні, піца",2025-10-10 20:00:00,"{""focus"": ""nutrition"", ""bedtime"": ""01:30""}"
a6b7c8d9-0187-4186-8186-000000000187,1,calm_martin_1187,calm_martin_1187@protonmail.com,$2b$12$7E8f9G0h1I2j3K4l5M6n7O8p9Q0r1S2t3U4v5W6x7Y8z9A0b1C2d3,Asia/Tokyo,2025-10-10 18:55:50,09:30,9.0,7.8,30,2.0,10:15,70,Солодощі,True,0,grams,daily,#f1c40f,🍩,33,68,False,"{""type"": ""every_day""}",Солодощі,210,32,2025-10-09 19:30:00,2025-10-10 01:00:00,2025-10-10 10:15:00,5,"цукор, вечір",2025-10-09 19:00:00,"{""focus"": ""reduce_sugar"", ""bedtime"": ""00:30""}"
b7c8d9e0-0188-4187-8187-000000000188,3,swift_accentor_1188,swift_accentor_1188@gmail.com,$2b$12$8F9g0H1i2J3k4L5m6N7o8P9q0R1s2T3u4V5w6X7y8Z9a0B1c2D3e4,Europe/London,2025-10-09 21:40:35,06:30,7.5,6.0,15,0.5,06:55,25,Прогулянка,False,10000,steps,daily,#27ae60,🚶,70,147,False,"{""type"": ""every_day""}",Прогулянка,480,37,2025-10-08 07:30:00,2025-10-08 23:15:00,2025-10-09 06:55:00,8,"ходьба, парк",2025-10-08 16:15:00,"{""focus"": ""daily_movement"", ""bedtime"": ""23:00""}"
c8d9e0f1-0189-4188-8188-000000000189,1,energetic_chiffchaff_1189,energetic_chiffchaff_1189@outlook.com,$2b$12$9G0h1I2j3K4l5M6n7O8p9Q0r1S2t3U4v5W6x7Y8z9a0B1c2D3e4F5,Australia/Sydney,2025-10-08 14:15:50,08:00,8.5,7.0,45,1.0,08:30,30,Читання,False,30,pages,daily,#2ecc71,📚,59,118,False,"{""type"": ""every_day""}",Читання,400,30,2025-10-07 21:45:00,2025-10-07 23:30:00,2025-10-08 08:30:00,8,"книги, саморозвиток",2025-10-07 16:30:00,"{""focus"": ""knowledge"", ""bedtime"": ""23:15""}"
d9e0f1a2-0190-4189-8189-000000000190,2,wise_thrush_1190,wise_thrush_1190@icloud.com,$2b$12$0H1i2J3k4L5m6N7o8P9q0R1s2T3u4V5w6X7y8Z9a0B1c2D3e4F5g6,UTC,2025-10-07 17:50:45,07:15,8.0,6.5,30,0.0,07:40,25,Випити воду,False,2000,ml,daily,#3498db,💧,65,141,False,"{""type"": ""every_day""}",Випити воду,355,26,2025-10-06 20:00:00,2025-10-06 23:15:00,2025-10-07 07:40:00,8,"вода, гідратація",2025-10-06 16:15:00,"{""focus"": ""hydration"", ""bedtime"": ""23:00""}"
e0f1a2b3-0191-4190-8190-000000000191,1,brave_drongo_1191,brave_drongo_1191@yahoo.com,$2b$12$1I2j3K4l5M6n7O8p9Q0r1S2t3U4v5W6x7Y8z9A0b1C2d3E4f5G6h7,Asia/Shanghai,2025-10-06 20:35:50,09:00,9.0,7.5,45,3.0,09:50,90,Скролінг перед сном,True,0,minutes,daily,#34495e,📱,49,91,False,"{""type"": ""every_day""}",Скролінг перед сном,455,40,2025-10-05 23:30:00,2025-10-06 02:00:00,2025-10-06 09:50:00,4,"екрани, залежність",2025-10-05 21:00:00,"{""focus"": ""digital_detox"", ""bedtime"": ""01:30""}"
